FlightID,Airline,Origin,Destination,DepartureTime,ArrivalTime,DurationHours,PriceUSD
4227,3,3,0,2257,2248,3.92,350
4676,4,3,5,4255,4266,4.27,325
800,0,0,4,1633,1783,6.53,388
3671,1,2,0,2760,2908,6.62,489
4193,5,0,2,2206,2358,3.42,310
2968,4,3,1,1365,1356,2.07,558
4793,2,2,3,3599,3590,3.35,598
4368,4,5,4,3590,3734,5.35,577
2776,5,5,4,4939,102,3.7,419
2970,0,2,1,4334,4343,4.97,149
3867,4,2,1,723,717,2.78,297
1743,4,2,1,2902,2900,2.73,325
3948,2,4,2,2395,2389,2.87,538
3802,0,2,1,768,764,3.1,645
2024,2,0,2,2055,2049,4.57,300
2274,3,5,0,3878,3881,3.57,644
99,3,4,3,4766,4903,4.77,367
4921,4,0,3,1175,1171,6.5,318
3407,2,3,1,552,559,6.93,236
4245,1,4,2,2898,2897,3.42,385
4619,3,3,5,4904,4912,5.87,583
4916,2,1,0,2145,2146,6.13,138
191,3,0,2,3835,3844,2.42,319
4696,3,2,5,4448,4452,1.55,436
1784,3,0,5,1208,1212,5.7,485
1532,2,3,4,1748,1898,6.93,339
2834,1,3,1,3713,3710,4.95,170
4444,4,1,5,3197,3198,1.47,233
4915,5,3,1,4392,4397,5.03,110
1598,2,4,5,3105,3267,6.5,469
1779,4,1,0,371,522,3.72,577
4900,3,0,1,211,214,6.88,180
2574,4,1,0,3439,3441,2.67,93
3398,2,2,5,3672,3664,3.68,337
3975,3,1,5,3277,3275,2.98,600
3770,3,5,4,3676,3667,3.98,332
166,2,0,4,1579,1585,5.88,156
1751,1,3,5,2197,2340,1.02,343
1479,3,3,2,4910,4916,4.65,532
1024,0,1,0,4819,4926,5.9,118
1788,1,5,3,2075,2073,4.83,627
2264,0,1,3,2421,2418,1.43,125
2473,0,1,4,717,713,5.2,301
1822,0,5,3,4843,4847,1.03,344
1220,2,2,0,3121,3119,2.83,551
1666,4,3,1,796,797,4.7,641
2960,4,5,4,113,115,1.8,535
152,3,0,5,4222,4231,3.48,85
2534,5,4,5,2664,2668,2.97,550
4688,2,1,0,4584,4588,1.07,269
1978,1,4,2,1610,1617,1.32,633
1469,4,2,1,4107,4099,4.65,520
2807,5,5,2,1407,1402,2.9,564
2512,2,4,3,2091,2087,5.97,629
2943,0,1,4,4228,4401,6.25,299
2980,4,4,5,1856,1852,3.55,117
4822,3,2,1,2818,2821,1.95,417
3017,0,4,1,2120,2124,6.28,540
1566,3,1,4,1732,1728,3.3,170
31,2,0,5,1696,1691,1.03,155
937,1,4,1,3704,3700,3.27,240
1215,3,4,3,1550,1552,3.3,455
1937,3,4,1,4696,4690,1.32,547
1129,4,1,4,1590,1593,2.13,516
309,3,3,1,3214,3219,2.77,322
4901,2,2,1,2680,2688,5.37,207
2168,2,3,5,2451,2449,5.47,500
3113,5,4,5,3491,3496,2.38,525
495,3,4,0,2903,2903,5.95,213
205,0,0,2,316,307,2.63,597
2673,1,1,4,3534,3676,4.85,410
3357,3,4,0,2574,2718,1.97,579
3830,2,0,1,2069,2064,1.32,188
305,1,4,5,1450,1452,5.95,115
3793,4,5,3,387,380,1.22,562
2201,2,0,1,4043,4045,6.8,195
1061,4,5,1,2986,3123,2.15,99
843,2,3,1,4632,4641,4.63,412
3872,5,4,2,1415,1410,6.88,557
2251,3,2,5,3815,3819,6.08,577
211,2,1,5,4753,4754,3.57,207
3997,4,3,2,3406,3537,3.05,453
679,1,3,1,3157,3158,5.78,440
565,3,4,1,3053,3050,5.0,583
3290,1,0,4,3737,3738,5.13,634
4354,5,3,4,673,666,1.23,377
680,0,4,2,2972,2974,6.05,502
180,0,3,4,4015,4017,3.88,570
4279,5,5,4,4652,4656,2.8,199
2495,3,3,1,1000,1005,4.25,312
2316,2,1,3,4898,4904,5.95,463
4273,1,0,1,3727,3729,4.92,223
278,0,4,3,3976,3981,3.23,209
3683,1,3,1,3644,3786,6.9,305
4762,5,5,1,1337,1333,4.33,128
432,1,2,0,1180,1175,4.15,506
289,1,1,5,4759,4761,3.25,604
1027,1,3,1,4871,4869,1.93,128
535,2,3,2,1769,1763,2.58,429
3631,2,5,1,4659,4664,2.47,211
188,1,1,2,1012,1012,1.92,102
2174,5,3,5,4199,4202,1.83,492
3915,5,2,3,1941,1933,4.52,259
1862,1,1,5,2651,2655,4.13,450
270,2,4,5,479,621,6.33,405
1728,4,1,2,2535,2536,5.12,115
4075,3,3,0,4271,4278,1.07,333
2157,5,4,1,138,141,1.38,85
3931,5,0,5,23,25,5.63,263
111,4,4,1,2886,2891,5.65,618
2384,0,4,0,3201,3204,4.08,580
220,2,3,4,2423,2422,6.3,330
627,3,0,4,2329,2332,4.88,140
1181,5,2,4,4587,4737,4.37,498
3381,4,0,3,520,527,5.2,256
2422,4,1,2,3327,3329,6.48,647
790,1,1,0,2396,2554,6.58,280
4275,2,2,4,3648,3638,1.6,329
461,1,0,3,1043,1041,3.35,181
4402,0,2,3,3508,3512,4.1,149
551,0,5,0,1258,1262,4.8,505
3129,0,1,0,3822,3824,1.52,103
1444,1,3,0,2506,2502,5.83,598
198,4,1,0,762,758,2.93,226
2589,5,3,1,3776,3779,3.47,461
402,2,1,2,3707,3705,4.68,269
3959,5,0,4,3567,3563,3.03,257
4189,5,1,0,3564,3560,1.27,498
4763,0,1,3,2960,2960,3.02,570
2095,1,2,5,162,165,6.9,431
2900,0,1,3,2922,2922,4.13,593
4462,4,4,5,3764,3768,2.2,437
650,5,2,0,4729,4727,1.07,371
708,3,2,5,362,359,3.82,633
1480,2,4,5,2088,2238,3.92,544
4414,2,4,5,3173,3173,4.18,600
3065,1,1,4,2051,2046,6.88,450
2395,0,5,0,3666,3655,1.68,81
1769,1,3,0,3132,3129,2.85,345
314,5,5,0,3378,3375,3.5,404
3761,1,4,3,3930,3936,4.95,233
4909,5,3,5,4275,4285,2.07,618
113,0,4,5,1463,1467,4.0,135
960,0,2,1,3012,3010,2.52,538
2910,1,2,5,3477,3623,6.15,211
3405,5,2,1,4170,4333,6.9,541
1623,2,4,3,3859,3864,2.83,527
3322,1,2,1,3680,3669,1.57,241
4999,2,5,4,924,1084,5.38,286
1818,4,4,3,1556,1558,2.08,477
3194,0,1,3,1216,1363,3.83,344
3007,0,3,2,699,694,2.75,448
3414,2,0,1,1695,1694,2.98,549
4528,5,0,4,950,1118,6.9,487
1897,0,5,1,2756,2762,4.08,419
1918,2,1,3,1662,1668,1.47,339
1270,5,0,5,458,598,4.43,560
4176,5,4,3,940,1103,5.28,423
4962,1,1,3,1939,1928,1.82,403
4883,1,0,2,3943,3948,1.57,228
4094,0,3,1,2642,2644,2.77,180
3159,4,5,3,2834,2997,2.72,229
1813,0,1,5,1862,1857,2.65,511
2426,3,5,3,1995,1988,5.12,573
3950,5,5,0,2472,2470,5.6,218
4428,4,0,5,4404,4410,2.43,571
2142,0,4,0,1991,1978,4.43,373
1626,2,3,1,2070,2068,5.18,234
789,5,3,2,4903,4908,2.02,336
3786,4,4,1,4847,119,5.2,453
1864,0,4,2,4370,4376,3.28,427
2865,4,3,0,2708,2715,2.77,503
871,0,5,0,3755,3759,6.23,548
3271,1,0,1,2645,2647,2.82,419
3833,4,1,3,1907,2057,6.9,194
73,2,4,0,4567,4573,4.43,162
1752,1,2,3,1626,1635,5.92,80
1421,4,5,4,1375,1372,4.43,181
4221,5,3,5,4241,4247,3.22,543
4693,2,1,5,2923,2925,6.4,418
4369,3,2,5,3364,3357,2.7,106
4575,3,4,1,769,767,5.78,401
3809,0,1,3,3794,3956,6.72,134
2244,4,1,4,3202,3205,2.7,228
3047,0,1,5,2735,2740,1.18,82
2445,5,4,5,1077,1072,1.77,391
494,0,5,4,3771,3774,1.67,587
3130,0,3,2,38,40,3.92,562
4321,0,1,4,3712,3711,5.92,463
4397,1,5,4,1197,1199,4.85,445
1164,4,2,3,3781,3942,2.3,312
3734,1,0,5,406,404,4.37,453
1730,1,3,1,3404,3539,6.48,347
4812,0,2,3,3657,3648,5.1,175
2402,3,0,5,3906,3912,1.35,589
3403,2,0,5,3058,3053,1.53,598
618,3,5,0,3447,3448,1.9,386
1697,1,5,3,4450,4455,6.32,479
3593,3,3,0,2343,2342,4.28,573
1957,1,3,5,22,20,3.12,509
1221,1,2,1,3761,3766,6.05,346
2073,2,4,1,2238,2233,3.08,262
3410,0,4,3,4927,4936,1.78,460
869,2,5,4,4179,4175,1.03,586
2718,1,1,5,2714,2724,2.52,378
1042,3,5,3,422,422,3.65,623
1361,5,4,2,4931,4939,2.83,187
356,2,2,4,67,66,5.47,486
1162,5,5,0,4797,4797,2.58,124
2765,2,2,1,4442,4445,1.42,419
3252,3,5,1,3918,3921,1.68,568
1438,1,1,3,3679,3671,4.37,496
3603,0,4,0,580,584,6.72,576
4940,1,2,1,706,861,5.23,361
4593,2,5,0,2591,2597,2.52,253
3639,4,0,1,2250,2245,6.93,365
1253,0,0,5,2394,2390,3.4,464
3365,0,0,3,3987,3993,5.52,207
332,1,1,2,837,838,6.85,123
3694,3,2,5,4485,4487,4.37,252
3568,2,1,5,3071,3062,3.85,588
2728,3,3,4,1198,1200,6.93,472
3667,3,3,2,4000,3999,4.37,541
1630,4,0,4,1397,1393,1.75,426
1116,2,1,2,173,172,2.23,276
1849,3,4,5,1223,1221,1.43,381
3554,1,5,3,4930,93,6.87,523
3153,4,3,0,618,614,1.42,605
3265,1,0,1,600,748,5.42,495
1665,4,3,0,1524,1530,6.47,159
445,3,4,0,3107,3101,1.68,381
2245,0,1,2,3445,3446,6.85,638
452,3,3,0,34,36,4.65,170
1551,4,5,2,3244,3246,1.75,87
4434,3,1,2,1625,1633,3.47,331
2954,2,1,2,1937,1929,5.97,359
14,5,5,2,2820,2823,1.07,273
3628,2,4,1,312,306,6.47,107
945,4,5,2,4854,4857,3.65,186
247,3,3,5,4338,4345,2.0,551
4697,1,4,3,2108,2105,3.18,553
360,5,1,3,1888,2040,1.82,289
4656,5,2,4,3232,3238,3.18,211
1614,4,0,4,904,909,3.87,117
2303,1,2,3,2027,2020,3.98,508
4141,4,2,0,2993,2991,6.0,228
3168,5,5,4,1763,1918,5.68,587
2478,4,2,3,2308,2299,2.1,289
4214,4,2,0,1401,1397,1.47,635
4180,2,0,2,1596,1604,5.0,124
4884,4,3,1,4183,4181,2.25,325
3163,1,1,3,3069,3058,2.38,314
490,4,0,3,2042,2036,5.7,491
862,0,2,1,3483,3489,2.28,395
1740,4,4,5,3068,3063,6.93,258
4099,5,1,4,3060,3055,2.17,81
4385,1,4,5,1837,1837,2.22,382
2447,1,4,0,2310,2303,1.82,421
4230,2,4,1,4793,4791,5.78,253
506,0,1,0,2186,2186,5.42,295
2677,2,2,0,2833,2835,3.85,306
2995,5,0,1,3116,3113,3.07,196
1942,2,2,5,197,196,5.7,256
1222,3,0,5,1804,1803,6.2,441
1113,2,4,3,556,558,1.33,253
1905,2,3,0,4186,4187,5.17,148
3423,5,4,2,432,430,3.42,486
1877,1,3,4,2379,2377,6.43,639
4672,4,1,3,236,237,3.72,593
433,2,0,1,3923,3925,4.5,591
2364,1,3,5,823,822,5.5,551
3154,5,0,1,1495,1658,3.08,285
2835,3,0,4,767,766,6.93,291
2092,1,3,4,995,998,1.8,554
3010,1,4,2,4559,4564,4.18,488
3162,4,5,2,3872,3873,1.75,586
2945,3,3,2,2163,2164,4.55,424
3916,1,2,5,1297,1297,4.1,190
2916,4,2,1,4581,4590,5.92,231
1102,0,2,4,2361,2359,1.87,557
1448,1,3,1,616,613,5.3,582
1720,3,1,3,3301,3303,1.37,480
4518,3,4,3,2595,2601,2.68,640
3842,0,5,1,2808,2814,5.68,401
156,2,5,1,2585,2589,5.38,176
2978,5,0,2,2544,2547,2.08,170
1773,4,2,3,1744,1741,5.13,225
615,1,4,3,2104,2101,2.23,226
643,0,0,1,302,458,6.82,296
1935,3,1,3,2722,2731,6.12,121
4277,1,1,0,3199,3202,4.28,627
1068,4,4,2,1756,1753,5.58,292
4454,1,1,5,2763,2771,5.73,178
4154,4,1,3,53,55,4.62,203
4239,4,3,1,3532,3535,3.6,146
4868,3,5,2,3421,3420,2.97,86
330,2,0,4,1989,1979,6.67,480
2057,5,3,2,1473,1476,3.23,134
2646,0,2,0,4112,4103,1.22,424
2191,1,1,3,3433,3431,2.52,151
622,1,4,2,217,215,1.47,440
1595,2,2,3,4154,4150,2.1,285
2915,5,0,2,81,222,3.78,85
4821,3,5,0,154,160,4.73,272
3898,1,2,4,2649,2654,5.65,153
1919,5,4,3,1469,1472,1.3,250
4173,5,0,2,4204,4372,6.08,327
4477,3,0,3,568,570,1.93,636
755,2,5,4,674,671,3.43,166
518,4,4,5,3489,3495,4.42,398
3803,3,1,4,106,108,2.9,458
32,2,1,4,4545,4553,5.82,381
2937,4,2,4,4672,4817,2.43,108
1157,4,3,2,4290,4297,1.02,193
744,2,5,1,3189,3191,2.08,437
1497,3,2,3,3876,4035,5.63,333
3459,5,3,2,2930,2931,5.85,472
3755,0,3,5,3442,3443,1.5,448
2591,3,2,1,1768,1764,5.65,558
783,4,5,2,4037,4039,4.13,649
3493,0,2,0,4171,4167,1.55,156
2949,5,5,1,3151,3148,2.67,338
229,1,3,0,1978,1964,1.22,378
857,4,1,3,1883,1878,5.2,400
2266,1,2,4,3131,3126,1.13,467
4274,3,5,0,3616,3609,4.55,630
408,0,3,4,1111,1111,2.88,370
170,1,4,2,697,692,3.43,609
540,5,5,1,4197,4198,1.2,295
2210,1,0,3,1781,1777,6.68,593
2304,2,2,0,4521,4524,5.47,259
2567,1,5,0,2947,2947,2.42,122
613,1,4,5,3917,4061,6.88,383
2101,3,5,0,2146,2145,4.0,386
1808,5,2,0,4031,4032,2.73,177
3438,2,0,5,4502,4507,4.67,181
1161,5,5,3,4720,4717,1.18,585
4225,2,5,0,4138,4128,1.83,492
3119,1,2,0,3960,3965,5.95,454
3652,4,5,1,671,667,3.72,337
1610,4,3,5,3939,3945,3.05,607
1932,2,2,0,2298,2291,6.45,640
3027,1,3,2,3952,3955,3.28,467
564,4,4,2,2695,2701,1.37,381
3571,4,2,5,4840,4845,4.1,346
4247,5,0,1,4467,4472,3.85,338
2388,5,5,3,4679,4677,1.17,308
1471,0,3,2,1936,1926,1.75,523
2630,3,5,3,1320,1473,6.98,621
1835,5,3,5,4961,4969,6.23,478
4928,1,2,5,2056,2050,4.47,205
3475,5,1,5,948,1116,6.15,554
1533,5,4,2,4929,90,5.13,122
4327,4,5,1,3574,3721,5.72,607
2484,5,5,1,1522,1524,2.4,260
4207,2,3,0,2224,2220,1.83,481
1172,3,1,2,2388,2543,3.45,150
1427,2,5,1,886,894,4.35,284
325,1,0,1,3558,3554,6.95,562
1051,1,0,4,3780,3943,5.58,164
3319,3,1,4,2999,3139,5.68,329
4721,3,5,0,1762,1758,1.82,641
3864,1,0,4,2675,2681,3.83,230
2603,4,2,4,2066,2060,2.37,200
1738,4,4,5,3210,3216,5.2,562
1196,4,0,2,4853,4856,3.8,107
620,2,5,1,654,650,5.17,117
1374,1,5,0,291,443,4.55,114
2879,4,4,1,171,170,4.57,594
1189,3,2,4,3135,3134,6.78,603
328,1,0,3,2558,2559,4.05,197
648,4,1,0,1048,1046,5.82,613
897,4,0,5,1780,1774,2.1,156
3882,2,1,5,2215,2213,1.97,500
1123,3,3,0,2303,2293,1.9,422
1891,3,2,4,4162,4160,2.35,392
4643,1,4,1,4616,4764,4.92,333
4791,1,2,5,1908,1899,2.75,594
4529,3,3,5,4144,4134,1.2,141
4234,5,1,5,421,418,1.97,212
1593,1,0,5,1500,1504,2.82,88
3312,5,5,2,3894,3899,5.35,555
2547,3,5,2,4519,4523,6.02,279
1545,4,3,2,4265,4425,5.73,325
4336,5,4,2,426,425,3.48,195
1023,5,2,3,4259,4267,2.0,359
1971,3,4,5,4791,4790,5.85,312
4988,0,5,2,4100,4094,4.35,107
1714,0,3,4,3718,3717,5.75,585
1717,4,5,0,99,99,1.45,372
1477,0,3,1,2771,2776,3.33,541
809,4,4,2,4661,4665,3.1,358
2850,3,0,5,2412,2567,1.75,200
978,0,3,2,2520,2518,5.9,615
4687,0,4,1,1485,1486,1.07,81
4895,3,4,2,1019,1023,1.08,139
1684,4,4,2,1178,1174,5.67,340
4660,3,4,1,4583,4586,1.1,566
1514,1,2,4,2151,2149,2.6,420
2404,1,0,5,260,415,6.28,503
2021,4,2,1,2185,2181,1.72,191
4553,4,2,5,3675,3666,4.15,386
1767,4,3,1,4456,4459,2.12,381
174,0,5,0,647,643,6.75,243
1554,4,4,5,4298,4451,5.9,315
4215,2,4,0,3230,3234,3.63,527
1482,4,4,2,2658,2663,4.93,405
4461,3,1,4,2188,2183,2.9,647
217,1,3,5,3770,3772,1.92,613
3914,4,2,0,3408,3406,3.37,343
3720,1,1,0,2776,2921,4.55,251
690,5,0,3,965,965,3.75,149
2577,1,0,4,4558,4562,5.17,185
2233,5,5,2,3556,3552,1.75,266
2238,2,4,0,1947,1938,2.08,350
1106,3,0,5,1985,1974,6.87,493
1789,2,5,0,4317,4325,4.07,80
3188,2,3,1,2351,2350,2.7,114
2436,5,1,3,1969,1960,5.65,537
611,5,2,1,4141,4133,4.6,532
3660,1,4,0,454,453,1.32,303
3711,2,3,2,4320,4326,2.92,94
576,4,0,5,3818,3823,1.55,238
2063,1,2,1,3401,3399,5.75,372
4435,1,1,5,2716,2726,4.33,463
1180,1,0,3,3866,3871,3.23,85
888,5,5,3,2882,3038,5.38,468
3128,3,5,2,3450,3451,3.35,180
1732,1,4,1,3000,2999,2.18,372
2663,1,1,4,4472,4475,4.32,315
817,1,2,4,335,486,5.2,610
3277,3,2,0,3004,3006,6.77,381
1859,1,4,5,3563,3559,3.85,96
208,4,5,2,2389,2542,2.93,358
293,5,5,0,4296,4304,1.82,415
1119,5,2,5,1957,1949,3.17,411
2213,1,5,1,150,155,4.23,306
1609,1,4,5,1617,1625,5.85,310
1264,2,0,1,206,204,1.95,234
990,2,1,4,4580,4585,3.57,618
4197,1,4,0,3541,3547,4.27,503
1616,5,1,0,1847,2005,6.67,389
353,5,5,3,3285,3287,2.6,347
4557,1,0,5,851,851,2.53,196
2022,2,2,4,1156,1150,3.13,419
3690,1,0,1,262,258,3.67,338
2555,4,1,3,1062,1060,1.98,650
3048,5,4,0,905,912,6.78,638
1228,4,3,1,4003,4003,6.63,531
259,5,5,2,2094,2090,5.4,314
1519,5,3,5,2720,2728,1.57,604
1777,0,3,4,2313,2305,1.85,369
4739,2,0,5,4427,4432,5.03,213
1770,2,3,4,2877,2878,4.08,296
4353,0,0,2,1159,1156,4.37,241
52,2,4,2,2325,2322,4.45,460
3473,2,3,4,4550,4556,3.8,308
4683,5,2,1,2666,2672,5.37,221
4411,2,0,4,701,698,6.28,638
2409,3,1,5,2152,2152,3.6,194
2787,0,0,5,4689,4837,5.65,416
2344,5,0,2,622,619,4.32,388
1033,2,2,5,2480,2475,2.02,570
1097,4,2,0,4901,4909,5.72,543
543,4,3,5,4578,4587,5.88,644
1046,5,1,3,621,618,2.93,221
1894,4,4,5,1618,1622,1.08,233
4376,0,0,3,917,925,5.78,351
30,5,5,0,4780,4780,3.7,586
725,3,4,0,1146,1146,4.85,460
4961,1,4,5,3485,3488,1.23,394
4718,1,2,0,15,16,3.97,644
3903,2,5,2,2330,2329,2.05,310
1426,2,5,1,1871,1868,2.98,334
2497,1,1,2,2478,2478,6.97,635
436,3,4,5,1572,1577,4.43,489
2470,0,0,1,3340,3341,1.82,607
912,4,3,4,4421,4423,5.87,325
4222,1,5,2,927,1082,2.82,532
4352,0,1,2,2571,2717,5.53,621
4512,4,1,2,4194,4200,6.68,508
4443,1,0,3,1785,1780,4.38,324
2287,1,1,3,4493,4493,1.27,389
4597,4,0,3,2101,2251,4.97,135
1238,0,1,2,4190,4190,4.58,609
903,1,0,3,4942,105,4.43,187
3620,2,5,4,1136,1136,2.08,373
3231,5,2,0,3329,3464,2.87,412
2859,0,5,1,3891,3893,3.37,94
507,4,4,2,4920,4928,1.2,507
3221,4,3,1,634,629,3.62,334
183,5,0,2,780,779,3.72,444
1564,3,0,1,1751,1747,2.8,90
2704,5,1,5,1031,1031,2.37,199
321,4,3,5,4277,4289,5.43,191
3563,0,3,5,2355,2355,3.88,483
1538,2,5,3,2398,2393,1.47,263
1837,2,1,0,2767,2774,4.98,232
2380,5,2,5,428,424,1.33,238
1912,3,0,5,41,179,4.22,260
1840,2,1,2,3270,3272,5.37,620
2115,0,1,2,898,1052,2.88,604
4437,2,2,1,4110,4106,5.93,547
1146,1,1,0,2672,2677,4.85,390
2486,4,4,0,141,298,5.45,354
44,5,2,5,2151,2154,6.13,347
2154,1,4,1,1587,1598,6.53,221
1526,2,0,5,3802,3968,5.37,410
4855,4,4,1,2613,2617,1.78,461
1378,2,4,3,3715,3715,6.62,642
1765,1,5,2,2008,2147,3.15,328
3012,0,1,4,3045,3044,5.98,145
413,3,2,1,124,125,3.57,268
4284,1,4,5,2441,2438,1.48,371
1407,3,3,0,733,727,1.85,399
1658,3,2,3,789,787,5.02,537
801,5,5,0,4227,4238,5.47,447
1288,1,0,4,245,405,6.42,190
2182,3,5,3,2180,2327,6.78,574
2588,5,4,2,4191,4195,3.88,348
2615,1,1,0,8,162,6.97,526
2318,1,4,0,3398,3395,6.3,94
256,2,2,4,885,892,5.47,396
4541,4,1,5,2433,2432,6.77,165
1729,5,4,2,4333,4339,2.25,253
1151,5,3,2,4769,4768,2.7,134
4144,1,1,4,1940,1931,6.38,384
647,3,0,4,301,296,4.7,456
2908,3,1,0,1395,1535,2.42,583
1702,2,1,2,3224,3230,6.78,592
1881,0,5,3,761,757,2.35,436
3768,4,2,3,2962,2964,6.92,216
1315,3,2,3,4097,4089,1.28,271
2269,2,3,1,4376,4382,3.47,431
1966,3,4,0,2553,2557,5.8,362
2465,2,1,2,864,869,6.63,146
3855,2,0,4,1322,1321,5.43,386
1350,2,0,3,2918,2917,1.33,96
3296,3,5,1,2617,2767,5.4,238
112,5,0,5,313,306,3.78,574
3133,4,5,0,2196,2341,3.37,353
263,1,0,1,2168,2314,6.17,306
1393,0,4,5,1504,1508,5.53,168
1878,4,4,1,1772,1767,3.78,325
1186,3,2,3,3584,3576,6.35,479
3071,3,2,5,4187,4183,2.13,640
56,4,1,0,4611,4614,1.13,115
1309,4,2,5,1838,1838,4.72,515
695,1,2,5,2963,2963,5.75,140
2952,5,0,1,963,966,4.78,510
1726,3,2,3,244,402,1.73,318
2091,4,4,1,2885,2888,6.92,524
3869,0,5,1,28,29,2.0,370
319,3,4,5,759,756,4.37,155
4320,3,2,3,1204,1205,2.73,461
682,5,5,1,4722,4861,2.33,486
3841,4,1,4,4686,4686,3.35,436
3213,2,2,0,3136,3132,4.97,285
2002,3,1,3,3041,3036,2.8,600
4782,1,0,4,1366,1359,1.1,334
4150,2,3,1,1374,1375,6.43,236
286,2,2,4,991,996,6.57,567
1888,1,3,0,2883,2884,3.57,112
2337,1,4,0,4134,4126,3.8,450
2520,4,2,5,1876,2028,4.58,220
2277,1,4,2,3760,3761,1.32,486
2127,3,0,3,1542,1546,5.48,260
3499,4,2,5,1138,1138,2.65,168
4211,5,3,5,1065,1063,3.32,313
2083,5,5,1,146,152,3.63,491
736,0,0,4,1228,1229,6.65,382
4801,2,0,1,410,408,1.35,216
336,0,3,5,1894,1886,3.45,603
2596,1,5,0,4443,4449,6.48,361
2771,2,4,3,1714,1712,4.68,618
3704,4,3,4,1821,1820,5.32,143
4404,1,4,5,4373,4378,1.88,349
1071,3,1,0,1725,1722,1.88,504
2290,0,1,0,4414,4417,6.87,527
1672,0,2,5,2050,2044,3.02,169
4083,3,3,2,2306,2301,4.88,226
4250,1,4,0,2083,2081,6.23,273
4113,1,4,1,2003,1995,5.7,376
4408,1,5,4,2536,2535,2.37,589
3366,0,1,4,792,944,3.77,615
1488,3,0,5,1925,2065,5.32,99
498,4,3,4,1902,2054,4.6,359
4382,3,4,5,3862,3866,4.97,293
3479,3,0,5,2085,2082,6.87,389
2581,4,0,4,303,297,1.97,173
3123,1,2,0,2533,2533,3.8,270
2921,5,5,0,3542,3546,2.52,344
4377,5,0,5,3293,3298,3.92,124
2644,0,5,3,75,74,3.83,282
4286,1,4,3,1493,1494,2.32,478
4040,1,1,4,4198,4203,4.22,155
2034,5,4,2,2875,2877,6.67,430
1022,4,4,1,4098,4093,6.38,422
2282,4,2,5,2084,2080,4.57,296
4886,2,4,5,1922,1912,3.62,178
4219,1,4,5,739,737,4.27,513
3063,2,5,4,4790,4788,5.48,193
4365,3,3,2,2271,2257,1.38,353
665,1,4,2,1811,1969,6.57,499
3932,5,1,4,1663,1671,6.37,252
2638,4,3,4,2944,2945,5.78,431
3176,2,5,1,2798,2950,3.28,467
4265,0,0,1,1247,1248,1.58,134
3121,3,2,5,1743,1742,6.57,345
1017,0,3,5,4257,4268,4.32,116
557,1,2,5,2529,2528,1.7,299
2399,2,0,4,4789,4787,6.03,314
1207,1,0,4,60,61,4.52,474
2005,3,3,5,2648,2652,3.93,637
2656,3,0,3,2873,2873,2.97,419
2135,1,3,1,3609,3606,6.73,399
1510,1,4,1,2521,2519,5.35,513
1736,3,3,2,2826,2984,5.28,399
245,3,1,0,2164,2163,3.52,207
1163,2,2,5,134,140,6.98,156
3362,2,0,3,2911,2912,4.38,584
266,2,4,0,61,63,5.88,640
2366,3,4,5,3287,3290,6.15,199
1114,1,1,0,2354,2352,1.88,122
63,5,1,4,2860,3030,4.68,582
2592,2,5,0,3268,3413,4.12,506
2788,0,4,3,639,791,6.85,595
2757,1,5,3,1446,1599,5.5,507
3011,5,5,1,4188,4189,4.07,302
3076,5,3,0,2640,2645,5.68,639
2998,5,3,5,24,24,4.17,263
2815,2,2,4,3250,3253,1.65,590
2259,1,1,2,290,285,4.95,112
4958,1,0,4,2785,2791,1.98,371
3204,5,5,4,613,762,6.63,404
1237,5,0,1,572,575,3.35,261
103,5,2,3,4935,4944,3.0,645
2643,2,0,5,2858,2853,1.18,254
272,5,2,5,343,339,5.65,395
508,0,1,5,3453,3453,2.43,478
2226,4,1,2,1868,1864,6.18,89
4933,5,5,0,2956,2954,2.2,191
2441,0,2,3,4563,4570,5.55,194
865,3,1,3,1685,1825,1.6,303
3326,4,0,1,4623,4629,5.9,469
908,4,3,2,4585,4591,1.97,143
2114,2,2,5,4906,4910,3.07,613
3896,3,2,1,3551,3695,5.43,135
1627,3,2,4,661,654,6.22,140
2873,2,2,0,3024,3024,4.3,145
1522,1,4,2,4945,4952,6.17,480
835,2,3,1,2780,2786,3.57,332
358,5,1,0,753,749,1.68,420
138,0,2,0,1832,1831,3.25,401
299,4,3,4,576,580,6.35,487
1556,1,0,2,223,225,6.32,160
1003,1,2,0,4779,49,1.17,434
382,4,2,3,1860,1858,6.72,579
941,5,4,1,4644,4795,3.68,545
4446,0,0,2,3809,3814,6.27,278
4854,0,2,4,3007,3004,4.05,158
761,4,3,1,850,852,3.75,178
1705,3,2,5,381,375,6.35,622
1873,2,1,2,4286,4295,5.48,650
2550,5,0,5,369,365,3.63,443
2086,0,2,1,2503,2500,6.25,531
2197,5,1,0,1896,1887,1.65,526
898,1,4,5,1653,1659,3.5,113
3999,1,5,4,4709,4704,4.25,125
3615,4,5,4,2560,2563,4.58,114
1402,5,2,1,2706,2712,4.5,225
3873,1,2,4,3782,3787,3.05,233
3785,1,1,2,4416,4418,2.85,88
4386,2,2,3,4520,4522,2.65,607
2955,4,3,4,319,316,3.77,90
1512,5,1,4,3867,3869,2.8,567
1188,5,2,1,846,847,3.52,419
2989,4,4,3,690,844,2.85,517
2080,5,5,2,1559,1564,1.62,363
4983,3,5,4,403,396,2.95,395
3437,3,5,1,545,550,1.1,165
108,4,3,0,1535,1539,4.37,418
4698,1,0,2,741,739,2.85,197
2827,1,5,2,3804,3807,2.1,346
4747,4,1,0,3606,3600,6.57,498
58,1,1,4,2235,2231,4.65,567
76,0,5,2,4451,4456,5.52,111
796,0,0,5,2352,2354,5.25,142
368,5,3,2,4736,4732,3.58,111
4905,3,0,3,4088,4239,2.0,605
785,1,1,3,3663,3651,1.87,524
2088,3,4,5,3860,4025,6.8,216
2314,5,4,3,4161,4159,2.65,182
3384,0,5,4,2554,2555,1.57,610
3605,1,3,5,4950,4958,5.25,268
4111,3,4,1,3093,3259,6.07,114
1902,4,0,4,1084,1235,3.82,636
1703,0,2,3,229,226,1.87,133
121,1,5,3,3615,3607,3.5,349
1844,0,3,2,4863,4865,5.32,500
2369,3,3,5,2415,2415,6.95,627
3728,5,3,1,279,274,1.02,440
910,0,2,4,4857,4947,6.28,402
124,2,4,3,3133,3130,1.68,350
2572,2,1,5,2748,2754,4.07,284
1586,5,3,5,3543,3545,1.38,397
1257,2,4,2,3139,3304,6.7,457
3441,1,1,5,2309,2302,3.92,124
3480,5,2,4,1565,1570,4.9,481
4108,2,2,3,3670,3806,2.5,523
1178,0,5,1,3218,3221,1.12,434
3463,3,5,4,1861,1856,2.5,229
3469,0,4,3,1144,1142,2.05,220
3467,0,3,5,4588,4594,3.7,292
2103,1,2,4,121,122,3.05,102
442,3,3,5,3689,3686,6.37,454
2227,2,5,4,1711,1709,1.72,570
4416,5,4,3,1954,1948,6.47,193
925,5,2,5,2587,2593,6.45,642
4020,4,2,0,2783,2792,4.67,175
2145,3,2,0,2846,3015,5.43,136
4770,2,0,4,1358,1350,2.75,585
1411,5,3,1,2189,2187,5.32,269
3466,4,5,0,2029,2022,1.28,331
2072,4,5,0,3608,3601,2.38,383
1509,2,3,1,2346,2347,2.67,586
1227,2,5,3,2183,2182,4.65,375
4072,2,3,0,3545,3549,5.33,225
2585,3,1,2,3454,3456,4.13,442
4450,2,1,0,441,439,3.22,87
2951,5,2,4,3688,3680,1.63,86
3885,3,1,5,996,1000,4.52,258
324,1,1,3,2363,2362,5.12,259
3977,2,2,4,4543,4552,6.22,531
3576,5,2,3,3604,3595,1.37,643
2211,5,3,5,1900,1893,2.72,104
3298,1,2,4,4163,4161,3.78,212
3035,5,4,3,1438,1436,5.45,250
1498,1,0,4,1824,1985,6.73,210
1502,2,3,0,4693,4840,4.2,525
1006,3,3,1,2281,2276,5.92,198
4179,1,0,4,2443,2440,3.52,421
3013,4,5,4,4080,4225,4.98,532
3516,2,0,3,821,820,5.25,98
1467,4,2,0,2273,2265,4.55,616
1225,4,2,4,3990,4139,5.87,342
3167,5,2,4,27,28,2.38,648
2267,5,4,1,201,202,4.3,427
3808,4,2,0,1449,1449,5.9,306
1216,5,2,0,3969,3972,4.0,478
3976,5,2,0,1620,1626,3.9,389
4584,3,1,2,4262,4273,4.5,385
420,3,5,1,4303,4308,1.02,565
3422,2,3,1,3392,3526,2.08,292
6,4,1,4,2255,2244,1.58,288
932,2,2,3,4045,4191,3.72,161
1691,0,1,3,2312,2307,2.88,258
439,5,1,2,4115,4109,2.18,608
1313,4,0,2,868,871,1.18,314
678,5,2,3,2952,2956,6.23,133
1943,2,5,0,1306,1305,2.33,600
4610,4,1,3,3816,3820,6.43,523
3303,0,0,2,3957,3962,4.33,604
2268,0,5,4,3261,3262,6.43,621
4633,3,1,3,1049,1047,4.58,544
4080,4,5,0,2045,2194,3.33,647
2518,1,1,4,707,860,3.35,297
2439,0,2,0,2234,2384,3.8,82
4037,3,5,2,20,18,1.23,648
1893,0,2,3,4408,4415,6.47,223
4244,0,1,4,542,701,6.37,548
4829,1,2,5,4023,4171,6.18,324
2640,3,4,5,1968,1957,3.85,276
194,4,3,5,1282,1283,3.97,594
1474,4,3,5,1195,1198,6.18,629
4616,2,2,3,4579,4589,6.32,636
1211,2,3,1,3073,3064,3.82,297
2438,1,4,1,1697,1695,3.03,589
1657,5,1,4,320,315,1.02,88
2700,4,1,5,3691,3684,2.95,540
3082,1,1,0,497,639,2.32,626
2705,0,1,2,1970,1959,3.77,284
4226,3,3,5,3968,3974,6.25,448
2842,2,1,2,3274,3276,4.4,440
2302,3,3,4,3706,3703,2.48,196
1130,5,0,3,4917,4923,2.48,534
1461,2,1,5,3767,3931,2.58,212
276,0,3,5,2485,2482,6.78,614
2222,3,3,5,3341,3473,6.1,516
2331,5,1,4,3473,3477,4.63,428
4322,5,0,2,165,164,1.33,630
1302,5,3,5,1746,1743,3.25,232
2517,3,5,3,4957,136,5.93,379
222,2,1,3,4294,4302,6.37,562
2036,4,1,4,4473,4634,5.52,555
1924,1,3,1,4459,4462,2.8,131
573,0,0,3,76,73,2.58,195
1236,1,3,2,2024,2168,4.47,197
3544,2,5,4,530,537,3.45,297
2133,3,2,4,194,192,6.05,91
1334,2,1,4,4246,4253,3.88,434
2457,2,1,5,548,707,6.32,184
418,4,3,5,1891,1885,4.42,134
4914,0,4,2,3422,3418,1.38,323
1104,0,1,2,596,593,1.68,498
257,5,5,4,1221,1220,2.22,295
295,2,1,3,501,501,1.05,197
2361,1,5,1,4402,4409,4.77,218
386,3,3,5,4638,4645,1.25,424
3308,4,5,3,4455,4458,1.65,274
4013,3,2,1,1931,1921,3.05,330
2231,5,2,4,1348,1341,5.38,305
2554,4,4,2,1664,1670,5.08,350
4335,1,3,4,3085,3077,2.28,147
3515,0,2,3,4711,4707,1.07,374
1839,1,5,3,4072,4069,2.33,275
4384,1,2,3,4280,4290,4.23,454
1563,4,2,0,1482,1643,4.4,492
2015,2,2,4,3639,3630,4.05,206
1400,3,0,5,1977,2118,6.85,245
712,1,3,4,3358,3355,3.45,603
2420,2,0,5,2856,2857,3.42,568
2619,0,0,5,2894,2895,4.87,127
209,3,4,0,2105,2102,3.17,213
4944,0,0,3,4417,4421,6.22,429
1289,0,1,0,3997,3996,1.55,595
449,1,1,0,1534,1538,5.28,396
4091,1,5,4,3254,3400,3.63,275
2569,4,3,1,349,346,3.83,81
1820,5,4,0,1665,1672,5.07,563
958,2,1,3,897,1054,5.33,410
1793,0,2,3,1901,1892,2.57,123
4786,1,5,0,4013,4013,5.05,510
654,2,2,5,4535,4537,2.22,181
2407,4,1,3,3531,3672,5.47,570
3852,0,3,1,484,487,5.27,228
1995,2,3,2,4093,4084,2.58,301
1760,3,1,0,1352,1344,3.55,320
2354,3,5,2,3514,3519,3.77,443
2741,2,1,3,3095,3260,5.78,381
2617,1,3,5,4879,4881,3.88,106
411,0,2,3,4196,4199,2.48,238
1774,5,0,5,1170,1165,2.47,114
3978,2,1,5,2053,2048,6.37,412
2186,4,4,3,144,149,5.4,430
2379,5,5,2,984,988,4.6,602
3963,0,0,4,3686,3681,4.97,293
4311,2,5,4,2725,2860,6.4,244
4774,5,5,2,4462,4464,1.28,158
3702,3,1,2,1325,1474,3.42,88
3972,3,4,0,3269,3270,5.13,241
4765,1,0,3,1129,1129,3.57,248
3558,3,2,0,1001,1002,2.45,498
4110,4,5,2,2357,2357,2.72,328
3497,2,5,2,1656,1662,4.92,575
3765,3,1,5,2508,2505,6.35,219
430,4,1,0,4482,4483,3.0,331
4484,2,3,1,423,420,1.15,304
2321,1,1,0,388,535,3.27,149
1366,4,1,4,227,228,4.92,239
1992,2,5,3,500,503,6.82,334
2851,4,1,3,1384,1380,2.02,315
1176,4,4,3,1354,1346,1.22,514
3528,5,2,3,3932,3939,6.88,356
1476,5,2,5,1779,1773,4.1,409
3740,1,0,2,3081,3074,5.35,114
2045,4,4,2,1078,1076,6.0,459
102,3,4,0,1934,1925,3.82,477
4331,4,3,1,3192,3194,3.05,81
2992,2,0,3,3219,3224,4.18,422
1263,3,4,2,64,206,1.23,141
2881,2,1,0,730,725,4.72,595
3138,0,4,3,2730,2737,3.97,221
3622,5,5,3,4892,4892,1.33,380
3203,1,2,1,1933,1923,3.27,607
4278,4,1,4,3547,3688,5.23,275
3299,0,0,5,96,97,2.8,150
4993,5,3,0,346,344,4.37,431
3633,5,2,5,461,462,3.58,519
1643,0,0,4,2141,2139,4.52,576
4505,1,5,3,3988,3992,5.07,608
0,2,2,4,1528,1534,4.98,496
1580,3,3,0,2515,2513,6.48,513
4422,3,1,5,1402,1399,4.32,597
4116,0,5,3,2646,2649,1.68,327
1356,0,3,0,657,804,2.98,143
4201,0,5,3,2871,2869,2.18,604
4574,3,0,4,744,742,1.38,444
3733,0,3,4,3777,3780,1.62,620
2025,5,4,0,2335,2339,6.15,421
2218,0,2,5,3115,3114,6.87,425
396,1,3,2,703,699,6.38,323
4941,2,2,3,4606,4750,3.62,524
1064,3,1,3,3948,4096,5.43,357
3080,5,3,0,2926,2926,2.25,210
2153,2,0,1,251,246,5.55,647
818,2,4,0,3020,3019,2.48,387
1812,2,5,0,4794,4913,6.25,412
2552,4,5,0,2161,2161,1.42,316
1552,0,5,3,2230,2226,1.48,107
4047,2,3,0,3228,3233,4.97,378
816,0,0,3,1069,1065,1.4,434
1572,4,5,1,2814,2817,4.02,566
4552,0,1,2,3449,3447,1.75,403
1800,2,3,2,1629,1637,1.63,304
4287,2,4,5,3357,3353,2.83,176
381,4,1,3,939,1099,2.53,131
2874,2,1,4,2899,2898,2.17,465
4347,1,3,1,555,560,3.8,264
4626,0,0,3,3029,3169,6.62,593
3503,0,3,1,884,889,3.52,367
2311,0,3,1,1453,1451,1.92,640
1780,2,0,4,4894,4895,3.65,132
2726,5,4,1,2704,2711,5.43,134
2437,4,3,2,3882,3883,2.22,103
2333,3,3,0,1777,1927,2.97,522
864,3,1,5,646,641,1.98,200
3638,0,3,1,116,269,4.87,285
3164,4,2,5,2669,2676,6.18,196
554,3,5,0,1004,1164,5.47,398
1159,5,3,1,3597,3586,2.72,451
1213,5,1,0,2366,2366,3.92,130
3760,0,5,3,2943,2941,1.32,87
4213,1,1,5,4669,4819,6.05,555
48,2,5,2,774,771,2.98,538
2367,5,3,0,3677,3670,5.48,462
700,5,4,5,3979,3983,1.62,277
652,2,5,3,253,249,5.12,497
3933,3,3,1,1887,2041,6.28,81
4409,5,2,3,804,807,6.93,446
3311,3,1,0,942,945,1.65,646
748,5,1,2,1128,1127,3.23,442
1455,0,2,5,3377,3373,4.12,641
4195,2,5,4,4105,4257,3.1,295
2389,1,5,0,2500,2496,1.35,581
3494,4,0,4,353,353,6.65,181
866,2,3,0,3497,3502,6.62,627
752,3,1,0,3119,3115,1.08,175
1644,0,3,4,4132,4123,2.32,334
92,1,3,2,3931,3935,2.25,96
4824,3,3,4,4605,4605,1.18,220
3101,0,1,2,1802,1800,1.33,378
2432,0,1,5,3165,3163,5.15,140
2629,1,0,2,1060,1059,2.95,130
1490,5,4,0,151,157,2.93,437
2895,1,0,1,132,133,1.0,404
2177,2,4,3,4252,4263,5.5,385
729,2,1,0,1052,1051,5.18,547
4759,3,3,5,1002,1006,1.88,636
2471,4,2,3,2385,2541,5.82,95
2242,2,5,3,3592,3584,4.22,536
1936,4,0,2,1830,1834,5.37,315
1745,4,4,5,2333,2334,5.4,449
4746,2,2,4,3345,3343,5.3,601
4373,4,0,3,4209,4216,6.03,530
3491,4,5,0,2913,2913,2.02,616
1110,1,2,1,1430,1427,5.48,346
3337,0,1,3,3983,3987,4.42,582
4032,4,0,5,518,660,2.87,88
4471,5,5,4,2170,2308,1.77,259
4157,2,0,5,1682,1824,2.83,281
346,5,0,3,1722,1719,1.07,253
1185,0,5,0,3970,3976,6.8,559
4006,2,0,5,2694,2836,6.37,85
1515,0,3,5,3847,3852,3.42,363
4669,2,3,0,4813,4812,4.13,253
578,1,4,2,1328,1324,6.88,424
1964,3,5,2,1244,1392,4.6,188
75,0,0,1,4329,4336,5.75,411
1429,4,2,5,1385,1383,4.93,485
3712,5,4,1,3850,3855,3.18,303
4430,5,0,2,1163,1158,5.07,183
2751,5,1,3,3217,3223,4.82,253
4952,4,4,2,3412,3410,4.78,599
1846,2,4,2,1255,1257,5.25,264
131,2,1,4,2840,2840,2.2,616
178,0,0,4,3964,4111,5.0,381
2899,5,1,0,4130,4291,3.25,283
4466,5,5,2,4263,4272,2.78,246
4194,4,4,0,2596,2602,1.67,377
2522,1,0,2,2747,2755,5.87,354
1842,4,2,5,4546,4546,1.63,163
2098,3,3,4,573,572,2.32,554
3949,0,3,5,994,997,2.08,293
2373,1,4,2,3113,3111,1.02,597
604,1,3,5,1950,1941,2.47,431
2627,3,2,5,1655,1663,5.8,207
25,0,1,0,915,923,4.57,478
658,1,1,3,2644,2648,6.97,301
4977,5,5,1,4315,4322,2.1,340
3317,5,5,2,4541,4543,1.98,350
3868,2,1,3,2218,2219,5.22,451
173,1,4,3,3687,3682,6.48,458
1611,1,1,4,1037,1037,4.57,207
437,1,1,3,3145,3143,1.45,204
331,5,4,5,3033,3168,4.43,593
3100,3,4,1,1489,1489,3.7,611
1454,2,4,3,3086,3079,2.85,392
342,4,4,5,4008,4158,5.97,628
3209,0,0,1,2977,2972,2.28,437
4576,0,3,0,4880,4882,4.08,502
1088,3,2,5,2566,2570,3.48,318
479,2,5,4,4452,4454,2.62,81
727,0,0,5,4960,4965,4.5,114
3783,5,1,3,4337,4342,1.4,265
976,5,4,3,3743,3741,3.27,257
3784,2,2,4,817,971,4.02,622
2977,1,4,2,4574,4581,5.02,140
1928,3,3,4,4820,4927,6.38,431
1468,0,5,0,3464,3466,3.18,238
1224,4,2,1,2973,2973,5.17,203
2856,3,3,2,1246,1247,2.53,357
1952,4,3,5,3175,3177,6.77,321
4830,0,3,4,2946,2946,2.48,416
4500,1,3,5,702,697,5.5,241
1892,2,0,1,356,355,3.77,319
1299,3,3,5,1465,1470,4.78,405
2990,2,0,4,1999,1993,6.43,580
4599,1,1,2,3826,3995,6.38,407
660,1,3,4,2465,2460,3.73,186
4577,0,1,3,2830,2831,2.33,342
4073,5,2,3,4747,4746,5.28,186
2784,1,5,0,1755,1752,4.27,382
4937,4,2,5,2928,2928,2.82,517
3827,5,5,0,1994,2136,5.78,164
2714,2,0,4,337,333,5.95,331
4657,3,4,5,4004,4004,2.92,314
267,4,1,5,4660,4666,3.95,328
4442,0,5,2,775,932,4.65,164
4959,2,5,1,513,519,6.22,439
3372,3,5,3,2470,2465,2.78,597
3595,3,1,2,734,729,4.27,199
4316,4,4,0,1115,1259,6.93,608
3722,2,0,5,4025,4026,3.18,375
3406,1,5,2,4842,4848,4.02,188
1278,4,2,4,4649,4654,5.63,412
4640,5,5,2,3452,3581,6.97,267
3917,4,1,3,2137,2284,6.03,379
2678,5,1,4,803,952,5.12,350
1621,1,3,1,4634,4644,5.98,185
4103,1,1,2,1710,1860,3.32,95
2857,4,2,1,1870,1865,4.78,370
1896,5,3,4,1408,1404,4.78,113
3924,4,4,2,108,111,5.37,387
3014,5,3,0,3014,3013,6.9,625
4438,1,4,2,4353,4358,1.7,599
67,3,0,1,4121,4114,4.25,347
2042,0,1,5,2497,2632,5.3,404
2580,2,1,5,1680,1683,3.8,259
3782,0,4,2,348,348,5.53,165
3790,3,3,2,13,12,1.38,597
820,1,5,1,4796,4914,4.2,254
1226,0,0,5,3941,3949,4.9,543
2991,5,5,4,1379,1377,2.95,285
3132,5,3,5,3242,3248,3.55,429
2743,3,5,3,923,928,2.68,80
4457,4,3,0,3959,3964,5.82,102
4269,5,3,2,375,370,6.65,447
3349,1,1,4,3752,3752,5.82,181
1143,4,2,3,3700,3696,2.88,336
397,3,4,2,772,770,3.07,544
2906,4,3,4,4708,4702,1.67,563
4301,3,4,1,1573,1575,1.75,158
2759,1,0,5,1119,1119,2.77,175
1398,5,3,4,4765,4899,3.12,550
1659,1,2,1,3889,3892,4.75,288
979,1,4,2,4436,4593,4.5,116
1298,4,3,1,2610,2753,3.83,206
3555,0,1,3,620,617,5.4,315
82,5,3,2,3425,3561,6.48,497
4507,2,4,1,4572,4722,6.78,629
2458,4,5,0,866,868,2.88,331
3739,3,4,3,1225,1227,6.4,196
3781,0,5,4,2802,2806,2.57,583
2288,3,4,0,2208,2208,3.83,156
423,2,0,1,1307,1307,3.93,165
4339,4,3,4,2635,2636,3.33,299
1904,3,3,4,1943,1934,5.08,580
4538,0,4,1,2556,2560,6.72,247
3352,3,4,0,295,291,6.62,398
3102,3,4,2,3344,3474,2.93,614
1565,5,0,1,4883,4883,2.03,566
3355,5,2,1,4058,4056,1.42,371
839,0,0,2,2955,2953,1.57,563
500,4,3,1,2989,2987,2.17,346
141,0,2,3,588,587,2.57,438
1377,2,2,5,881,887,5.18,384
3697,3,0,3,2428,2427,5.77,411
2144,3,2,1,1786,1939,3.77,212
1138,4,1,5,1182,1183,2.98,239
2927,5,5,2,4236,4244,3.47,188
1787,5,0,5,4021,4169,6.83,596
3484,2,0,5,4963,4971,5.75,553
550,4,3,1,679,678,5.17,504
4906,3,3,4,1661,1669,5.97,558
2019,2,5,4,2384,2382,6.0,317
948,2,5,3,3382,3378,3.75,276
2600,4,4,3,4360,4361,2.78,471
532,1,0,3,3901,3909,6.38,382
1829,0,3,4,2869,2867,1.4,599
2917,4,4,0,3399,3398,6.77,277
4418,4,5,3,462,464,6.75,443
3871,3,3,2,3660,3647,1.12,368
1602,2,5,2,2517,2516,4.5,105
639,5,3,2,1678,1682,4.57,585
4832,4,3,1,4814,4813,4.87,431
967,1,4,0,658,805,2.33,216
4237,4,1,2,1272,1278,5.75,175
2697,1,4,3,1650,1796,3.83,588
1683,3,2,5,14,15,2.53,409
4470,2,2,1,2119,2119,3.13,308
2342,0,0,1,2884,2885,4.08,231
155,2,4,0,4090,4085,6.92,372
2487,0,2,4,3310,3312,6.72,339
4641,3,5,2,2770,2778,6.53,518
1089,3,2,4,2688,2697,5.38,157
2655,4,1,0,4232,4404,4.27,513
4240,0,1,4,2971,2975,6.48,583
288,2,4,5,3830,3837,1.72,93
930,4,5,1,4070,4070,5.98,398
2535,3,1,2,4152,4149,4.93,632
4028,0,3,2,1877,1872,4.9,167
3371,5,2,4,3509,3513,3.38,136
4621,0,5,3,2594,2600,3.13,103
3291,2,2,3,3681,3821,2.9,99
942,1,2,3,3900,4046,6.4,613
3859,4,3,4,2509,2506,3.82,412
4662,5,1,0,961,963,3.88,605
1698,2,1,0,4217,4228,6.43,214
4708,1,2,5,3359,3482,6.47,499
3200,5,3,1,420,419,4.28,457
4601,3,4,5,1099,1244,4.0,325
4608,0,1,4,561,567,6.02,174
985,3,2,3,409,409,2.3,382
3318,3,4,2,203,201,2.23,266
2867,4,1,0,3633,3627,5.82,375
4056,2,4,2,4330,4335,2.05,539
4777,0,0,1,2707,2714,4.7,507
981,3,4,3,2149,2297,2.55,330
2492,1,5,4,2687,2694,4.08,569
3792,4,5,2,1414,1409,6.78,474
3548,2,3,5,1027,1025,1.63,132
2942,5,3,1,1420,1413,6.05,634
3527,2,5,1,4970,4974,1.05,405
3845,4,0,3,4865,4868,6.62,308
1457,5,3,2,2178,2325,5.95,513
1395,3,5,3,4346,4349,3.73,155
264,1,4,1,2924,2924,3.5,570
4095,2,4,1,1238,1238,3.53,136
929,4,3,1,103,256,2.53,170
4871,1,4,5,4657,4661,5.02,133
2692,3,1,5,4532,4536,2.9,609
246,4,0,3,1879,1874,3.5,442
3589,1,4,3,1619,1628,5.7,342
1758,3,3,0,2605,2611,4.9,210
4865,1,1,0,1818,1814,1.45,558
2810,5,1,5,476,476,2.75,518
923,3,5,4,4859,4949,6.17,102
2880,3,1,4,2562,2564,4.07,644
268,0,0,1,172,171,6.0,229
669,0,1,3,208,366,1.13,220
4475,2,1,3,516,659,6.68,240
1910,1,5,3,2424,2421,4.82,150
2985,0,3,4,4244,4252,4.22,414
1152,0,3,2,131,286,5.38,612
4817,4,2,1,3160,3157,3.38,501
3455,3,5,1,766,763,3.48,91
4241,2,0,1,235,233,1.12,168
4549,2,0,2,4837,4841,3.12,458
2172,0,3,1,3631,3770,4.47,430
4515,2,2,3,3056,3052,2.92,636
1915,5,1,3,3554,3697,5.77,524
612,5,2,1,261,414,2.17,423
2406,3,4,2,3562,3555,1.75,546
4205,1,1,4,1928,2066,5.02,329
1898,0,0,2,4971,4978,3.65,178
1649,0,2,4,4821,4925,3.78,91
2607,3,2,3,2868,2870,3.93,571
258,0,3,4,271,266,3.97,187
847,3,4,0,1212,1215,2.57,476
4251,5,1,2,2799,2952,5.23,586
1233,4,4,5,4380,4384,2.0,303
1127,0,0,4,469,472,4.12,395
1967,5,1,0,4235,4242,3.93,620
558,5,5,0,3114,3112,1.83,370
3905,0,0,4,65,208,6.97,181
484,2,3,2,1878,1873,2.58,360
1320,2,4,0,2258,2411,6.5,326
3404,3,2,5,3212,3217,3.97,627
7,4,5,1,56,56,2.32,596
3279,0,3,5,2098,2094,6.17,236
3189,1,5,1,2931,2930,3.83,225
1450,3,5,0,3302,3439,6.75,441
3980,2,5,1,494,637,2.23,84
1814,5,4,1,1042,1039,1.25,382
773,1,4,3,328,322,1.35,433
1011,0,2,4,4279,4440,6.75,518
2818,4,0,2,3984,3989,3.8,487
3275,4,0,1,2400,2399,4.35,350
1991,1,5,0,334,485,6.12,343
1277,1,0,1,4629,4638,5.38,595
1783,1,2,1,4918,64,3.65,605
3105,4,3,0,2766,2773,6.23,286
446,5,1,0,2058,2052,4.65,610
880,1,3,1,3671,3661,2.07,129
4459,4,1,0,1975,2115,5.25,492
781,1,1,4,407,406,6.17,200
1749,3,1,2,2365,2365,4.67,597
3388,4,0,5,489,493,6.35,645
4881,4,4,2,3978,3982,1.7,636
883,3,5,3,4687,4688,4.07,267
2944,4,2,5,43,44,5.1,275
1091,1,4,0,3057,3054,4.23,645
4783,1,1,4,797,795,3.18,165
531,1,1,5,4944,4950,5.63,488
4022,2,0,2,3801,3804,6.32,471
4421,4,0,2,874,875,4.18,518
4098,0,4,3,2684,2689,3.45,645
1727,5,2,1,2738,2745,5.77,182
610,4,2,3,1339,1332,1.78,477
570,0,0,4,4658,4662,1.68,256
2671,5,0,3,3555,3690,1.6,548
3718,4,3,1,3347,3344,3.37,404
343,3,2,5,2314,2468,2.3,443
3000,5,5,1,3082,3076,6.98,593
3139,5,2,1,3714,3712,2.52,590
434,1,2,5,1507,1512,4.15,424
1903,1,1,4,2638,2640,2.62,153
3804,3,5,0,685,682,1.62,463
4776,2,2,5,4133,4125,2.52,312
2069,3,4,2,847,848,6.05,587
1537,4,2,0,1124,1123,6.1,333
2252,4,1,4,1666,1674,5.87,332
2346,1,4,3,4895,4896,1.68,471
1517,0,3,2,4839,4844,2.78,261
965,3,1,0,3591,3583,5.15,634
4406,1,1,2,3536,3673,2.37,499
528,3,3,4,3954,3958,1.15,426
176,4,1,4,1612,1618,4.02,455
3482,1,5,2,3403,3536,3.77,403
2543,5,2,4,2199,2198,4.0,403
4935,0,3,0,4733,4733,6.92,119
572,2,5,4,3907,3915,6.32,456
2299,2,4,3,1359,1352,3.53,295
3508,5,1,3,3283,3282,2.23,531
2459,4,1,3,2565,2703,3.9,139
3609,4,3,1,3851,3857,1.5,235
4554,0,1,5,4319,4327,6.58,526
2208,0,2,1,926,1083,2.95,587
4720,0,2,1,4137,4129,2.92,419
2755,0,0,5,4168,4166,6.55,622
383,4,2,4,1688,1686,6.07,420
852,4,4,1,4470,4474,4.95,400
1880,1,5,1,3170,3331,5.07,239
370,3,5,2,1063,1061,2.15,577
2378,4,5,1,802,802,6.17,361
4323,5,1,0,1855,1851,1.5,275
1105,5,1,2,2981,2979,2.35,284
3413,5,4,1,3880,3885,3.98,85
3946,0,5,0,3973,3977,4.97,448
1336,4,2,5,3823,3828,5.38,445
2189,0,1,5,266,262,4.48,287
4594,4,5,3,2244,2391,1.62,287
2319,0,4,3,1161,1155,2.13,144
4705,5,2,0,3339,3472,5.98,301
3710,0,0,3,4795,4915,5.93,204
4848,1,4,2,3893,3898,4.37,280
1171,3,1,5,2043,2037,4.47,332
4325,3,4,0,283,278,4.08,379
2694,3,5,1,1817,1815,5.97,314
1422,1,3,4,3123,3284,4.68,559
2341,1,4,0,3756,3762,5.95,321
2651,2,0,3,4566,4572,4.1,600
4155,4,5,3,1312,1311,6.73,286
1464,1,4,1,3746,3746,6.53,337
874,0,3,1,2124,2125,2.3,453
3339,5,3,4,3958,3961,1.83,169
4340,5,2,3,2030,2024,5.92,295
1251,0,1,2,686,686,6.02,578
2348,2,0,2,1759,1756,3.3,503
840,1,0,2,3605,3598,6.12,82
4568,4,3,0,3559,3556,6.95,641
581,1,3,1,3438,3435,2.13,484
204,1,4,1,3546,3687,6.88,449
1641,5,4,5,3662,3654,6.83,230
2014,0,4,2,3526,3529,1.93,600
905,4,1,5,2275,2264,3.15,199
631,1,2,5,1944,1935,4.23,203
3364,0,1,3,3235,3390,3.65,268
1974,4,2,0,770,765,2.97,85
162,4,4,1,383,378,5.08,219
3172,5,4,1,3665,3653,2.67,572
3612,4,1,4,4592,4596,4.25,217
4675,0,5,0,4481,4480,1.27,508
617,0,5,3,3183,3184,4.38,296
4068,4,1,5,4692,4836,3.42,340
1431,0,0,5,835,834,2.93,438
547,2,5,0,4061,4211,6.82,84
3334,4,0,1,3161,3156,1.13,98
4546,3,3,0,3698,3693,1.27,378
4223,3,0,5,2171,2171,3.35,568
2387,0,1,0,980,983,4.28,251
4243,1,0,4,3579,3571,2.2,640
3995,0,2,3,2123,2123,1.4,160
4065,0,1,0,1393,1391,6.63,98
1861,4,0,1,2113,2111,2.57,648
640,5,0,5,1226,1226,4.5,289
3902,4,1,4,956,957,2.45,634
637,2,1,2,3885,3891,4.42,272
4262,4,1,4,4836,4938,6.1,427
3910,5,5,3,1998,1990,3.93,188
2986,1,3,2,631,626,1.15,201
2096,2,0,2,2318,2316,6.7,650
4611,1,0,1,3601,3594,6.15,237
3075,5,0,4,515,520,5.2,453
3674,4,0,2,2459,2450,1.13,600
2841,2,2,3,1059,1057,2.42,525
921,5,3,4,1116,1114,1.82,388
546,5,3,0,3678,3668,2.47,469
3666,1,5,1,2150,2155,6.55,270
1900,2,3,1,2427,2424,6.1,582
2028,3,1,2,998,1003,5.02,450
2301,3,2,1,127,128,3.27,296
1885,1,4,5,2772,2775,1.2,250
1642,2,5,2,2471,2467,2.63,649
3509,5,0,3,959,959,2.35,191
4809,5,2,0,1547,1551,4.55,161
2097,5,1,0,4662,4668,2.98,312
4357,2,3,0,3331,3333,4.48,646
3788,5,1,2,1503,1506,3.28,540
4494,0,0,4,4514,4517,1.12,506
4967,2,1,3,46,194,6.05,223
836,2,5,0,3021,3020,2.75,213
601,5,0,4,2793,2800,1.02,568
2184,1,0,5,1064,1062,6.55,105
3865,2,2,5,2356,2356,4.07,396
2481,5,0,1,648,644,4.93,468
4307,0,0,5,777,934,5.3,410
1582,3,3,2,4915,4921,3.95,90
4266,5,3,0,1562,1569,6.43,620
2533,1,1,4,2017,2015,4.98,172
2725,5,1,3,224,220,2.12,118
1070,5,0,4,4466,4471,3.72,254
1775,0,2,4,2223,2223,6.72,453
4808,5,2,1,2162,2162,2.27,112
1283,3,4,3,2454,2448,2.6,243
3050,5,4,5,2825,2983,4.12,418
4753,0,4,2,1382,1522,6.43,336
1836,1,3,2,1262,1266,1.25,649
4242,2,2,5,4817,4924,6.17,348
1019,0,4,0,213,210,2.4,530
4133,2,4,0,4663,4667,1.3,157
1326,2,1,4,1981,1971,5.0,264
475,5,4,1,922,930,5.75,538
4271,5,5,2,1752,1750,4.02,439
1651,3,5,3,941,946,6.1,493
3998,5,4,0,4057,4057,6.73,460
4467,2,1,2,4049,4049,4.52,542
2610,2,3,4,1016,1015,1.57,522
2476,4,3,2,4603,4608,4.63,89
2583,4,1,4,1865,1862,4.72,206
1373,1,3,2,4348,4353,3.17,592
739,0,4,0,4704,4698,5.27,301
3618,5,0,2,4050,4048,4.3,580
2440,1,1,5,2262,2255,5.95,415
867,0,4,1,4966,4972,3.68,247
1140,1,3,2,2266,2259,6.1,184
997,1,2,1,1217,1218,2.23,197
1337,4,1,5,2418,2576,6.55,589
541,3,4,0,4607,4753,6.93,232
1099,1,5,1,2917,3073,6.35,607
1132,1,1,4,1335,1330,5.68,530
4064,3,3,4,3803,3969,6.77,380
2715,3,5,0,3725,3724,2.27,642
2258,2,0,1,4195,4201,5.1,458
4750,4,0,5,2851,2850,3.33,230
59,4,2,5,1679,1829,6.97,181
2883,2,2,5,4601,4607,4.1,99
1938,1,2,5,2619,2624,3.33,641
2576,2,1,5,1628,1638,6.47,272
4936,0,1,2,221,381,5.23,374
1078,1,4,5,3537,3542,6.47,635
3249,4,2,1,3947,4098,6.67,576
3127,1,3,4,4173,4172,5.88,527
2488,1,3,0,2630,2633,1.17,290
940,0,1,2,2919,3072,4.13,357
1080,1,4,2,1104,1101,2.45,291
187,3,1,0,2156,2156,5.8,205
2634,5,5,0,2300,2292,1.9,281
2085,5,2,3,2126,2129,4.18,364
2249,4,0,4,4531,4535,4.12,333
4890,0,4,5,1299,1298,2.73,352
2023,3,2,3,3342,3475,6.98,338
3539,1,5,3,3362,3483,3.38,583
4048,0,0,2,3703,3701,5.18,135
3606,5,1,4,2970,2968,5.95,581
226,3,0,3,2474,2473,4.48,293
4847,0,2,4,1406,1547,4.95,199
1929,4,3,0,4113,4108,4.98,81
3055,1,4,1,709,864,6.32,108
4489,1,3,0,1609,1615,2.28,146
1404,4,5,3,2097,2093,6.92,353
2179,5,3,2,4804,4805,5.25,373
697,0,1,5,1813,1966,2.13,501
1124,1,2,4,204,203,5.25,84
3361,3,2,5,4525,4529,5.62,594
4135,3,0,1,3126,3285,3.3,587
1778,5,3,4,200,200,5.02,597
2858,4,5,3,4604,4611,5.63,171
1037,2,5,3,3103,3098,5.33,132
4456,3,2,4,3320,3321,3.8,191
2256,1,4,5,3303,3437,4.52,363
313,1,1,3,3501,3506,4.48,473
2281,2,0,1,1302,1304,4.58,363
1416,5,1,0,693,688,2.53,567
1036,2,3,5,2479,2474,2.72,140
2159,2,4,1,2806,2810,1.03,135
4163,4,4,5,3479,3624,6.55,350
1754,3,4,0,1309,1459,2.65,399
3112,1,1,4,4321,4328,3.73,534
2813,2,1,0,4947,4953,4.68,231
2698,0,1,4,3881,3887,3.95,536
3207,3,5,2,4052,4052,5.92,191
4350,2,5,3,3991,3994,3.1,323
3431,3,5,4,4216,4224,1.03,180
1506,5,2,3,97,96,1.37,545
1923,3,5,2,554,557,3.7,165
448,0,5,1,3257,3403,3.77,540
4128,5,4,3,10,9,2.65,549
2528,4,2,5,4038,4040,4.18,163
4969,1,4,1,2844,2845,2.08,562
2789,2,2,4,3757,3760,2.85,313
361,1,0,5,323,320,2.2,291
2183,0,2,1,2294,2286,3.92,310
1134,4,3,1,4314,4467,4.48,538
3880,5,2,1,3030,3166,4.07,315
2155,4,1,3,3469,3471,3.82,257
1830,0,2,3,1882,1879,5.95,300
1053,0,0,4,4856,4859,2.03,584
22,0,0,2,3149,3146,1.67,612
2066,5,3,2,764,921,5.07,240
1653,0,4,3,2222,2372,5.23,495
2587,4,2,5,4619,4625,3.05,84
3210,0,5,2,2866,2864,1.5,550
4302,3,2,4,4033,4034,3.48,223
4036,1,2,5,4967,4973,3.95,638
2325,3,5,3,2754,2760,1.78,208
460,3,1,3,3249,3252,2.78,361
1067,0,5,3,1268,1273,4.15,93
87,1,2,0,1463,1465,3.43,610
1430,5,4,3,3569,3565,2.07,434
2647,0,4,5,925,929,3.17,341
282,3,4,1,629,623,4.2,413
462,4,0,5,3182,3183,5.1,620
212,1,2,5,2138,2138,6.65,429
2499,0,5,1,1455,1454,4.13,645
1368,5,0,5,526,674,6.57,308
234,1,0,4,4054,4054,4.33,422
2770,1,4,5,3280,3280,1.38,281
597,1,0,3,379,372,1.27,464
4420,2,3,5,4474,4635,6.97,425
2250,1,4,1,2414,2412,2.93,181
4031,3,3,2,3478,3481,3.25,622
2283,1,0,5,4020,4022,6.65,297
662,2,4,0,3194,3197,1.23,542
4963,5,0,1,1296,1299,6.75,571
2285,0,3,2,1056,1204,5.78,350
4716,1,2,0,2821,2825,4.4,327
3193,4,5,0,529,676,3.65,222
2503,2,1,5,453,455,5.05,336
4043,4,3,2,4653,4808,6.57,261
779,3,5,4,4732,4730,2.0,550
4019,0,2,1,3184,3188,4.43,611
3426,2,5,2,147,154,5.6,249
4306,4,2,1,488,491,1.08,345
3196,2,4,3,960,962,3.88,376
4835,0,3,0,1013,1019,5.93,126
685,1,1,3,3732,3884,5.83,646
3169,3,1,4,3673,3665,6.67,256
3926,5,5,1,1512,1676,4.75,545
3434,2,3,5,3638,3629,2.07,233
2171,0,1,5,4465,4469,2.07,515
3689,5,5,2,3854,3863,4.87,265
1850,4,5,3,1825,1822,3.93,502
487,2,4,0,1604,1759,6.6,294
1688,0,5,2,1267,1274,6.17,474
2230,1,2,3,2475,2472,4.15,147
3264,5,3,2,4177,4178,5.02,614
2320,2,1,5,2071,2069,4.2,369
782,1,1,0,1239,1239,3.22,146
521,0,1,4,2203,2202,2.35,189
522,5,1,2,4124,4117,5.83,316
2837,0,1,4,4705,4699,4.72,389
4539,5,1,4,4575,4577,2.52,449
2398,2,4,2,4507,4512,5.57,318
2207,2,3,1,82,221,2.8,102
3477,0,4,3,2320,2320,6.58,477
3552,2,1,4,2452,2451,6.18,297
4087,2,1,2,4078,4223,4.0,143
2822,2,1,2,51,52,1.02,181
1511,4,2,0,4084,4078,1.42,230
1882,1,0,5,901,906,1.6,346
651,5,5,4,1213,1216,4.17,522
4930,5,3,4,3027,3026,3.6,545
3089,2,1,0,3728,3731,5.73,254
369,1,5,2,4237,4245,5.25,602
4997,2,4,3,3111,3110,2.98,116
118,4,2,3,683,679,1.22,533
3320,0,1,4,3626,3617,2.65,511
3034,0,0,3,3544,3548,5.02,631
2216,2,4,3,4397,4399,1.02,454
3542,1,1,0,4835,4937,4.32,547
1613,0,4,5,1979,2117,3.68,596
3151,1,3,5,944,948,2.52,612
962,3,0,4,1466,1468,1.95,459
2510,5,0,4,1089,1089,3.03,485
3831,4,3,4,2316,2315,6.53,577
2823,2,5,3,4201,4205,3.8,631
4343,2,1,3,233,234,6.1,432
3032,2,4,0,818,973,6.18,442
2415,5,2,5,1627,1636,4.5,542
4654,5,3,0,1338,1331,3.75,311
4236,2,0,1,4717,4715,5.25,206
2185,2,5,0,4627,4777,6.85,323
3669,0,5,0,4276,4284,1.38,213
2037,3,0,2,1872,1867,2.03,112
4362,1,0,5,466,466,1.42,532
772,5,2,0,2311,2304,3.13,603
1284,0,5,2,1202,1208,6.77,332
4603,0,1,5,4193,4197,4.0,509
4794,3,5,3,2712,2721,2.03,197
1414,5,5,0,3790,3793,2.08,435
1234,3,1,5,756,754,4.73,491
2699,2,2,4,1515,1519,6.57,282
435,4,2,5,4285,4292,1.92,340
1674,3,2,0,3572,3568,1.65,572
365,3,0,5,4471,4476,5.32,188
2649,2,3,5,4608,4751,4.73,601
231,0,2,4,4208,4214,4.35,207
4267,2,1,3,979,981,3.3,198
4041,3,3,4,4824,4825,3.3,501
4399,0,1,5,3709,3708,4.85,336
407,3,5,1,1594,1601,2.98,322
2090,3,2,3,2021,2166,3.58,614
86,4,3,2,2850,2849,3.85,106
844,0,2,5,2550,2682,2.88,429
1031,5,4,1,2034,2178,2.05,505
2855,3,5,4,4081,4075,2.98,326
4109,2,3,5,2939,3080,3.92,393
4396,2,1,2,544,704,5.48,527
3893,4,3,1,3009,3007,2.82,382
2658,0,3,4,2327,2328,3.43,650
855,0,3,1,3337,3339,3.08,270
78,0,1,0,123,123,1.07,624
2247,5,4,0,700,695,2.82,182
4570,2,0,1,2880,2879,1.68,500
3656,3,5,1,3356,3351,2.7,239
4151,0,0,2,3313,3313,2.65,628
3378,1,4,0,275,428,2.17,216
2279,3,3,0,1026,1182,6.72,216
2598,5,4,1,296,290,3.07,177
4159,3,4,0,2304,2296,3.75,478
3870,2,3,5,4055,4055,2.9,334
3428,2,5,1,3263,3263,4.25,241
2176,3,0,4,4770,4769,3.43,112
424,1,1,3,3723,3726,4.5,296
392,2,4,1,3424,3423,5.77,386
4726,4,4,3,3049,3043,1.77,444
3693,1,5,3,4890,4963,1.07,181
104,3,3,4,1708,1708,6.05,490
3994,0,4,1,3538,3543,6.55,448
4412,5,5,4,1988,1977,3.97,407
1948,4,4,0,689,845,4.8,183
1459,4,5,2,1607,1612,3.93,639
3257,1,1,3,4784,4782,2.98,143
2803,1,2,1,1875,2029,5.35,159
2706,0,3,0,3391,3387,2.55,219
4789,3,0,3,297,292,4.67,92
1587,2,2,5,549,554,3.4,186
3659,2,2,5,4556,4705,1.5,201
1731,1,0,1,1237,1237,2.68,215
4764,3,2,0,3659,3650,6.68,492
4224,5,1,4,3779,3783,1.65,281
3681,5,4,0,3013,3012,2.2,266
1791,5,2,0,48,193,2.68,375
2355,1,3,1,4846,4850,1.72,526
1940,3,0,1,2338,2338,3.72,355
702,1,1,5,4802,4803,6.78,358
2442,0,4,5,339,334,2.62,527
4375,1,1,3,4018,4019,3.92,466
496,4,0,3,156,310,4.6,610
464,0,4,1,4202,4206,4.03,196
4071,2,4,3,3158,3155,4.8,355
4333,4,1,3,4185,4185,4.22,87
172,4,2,3,4102,4260,6.15,468
4943,5,5,4,456,456,3.47,103
4796,4,5,0,4568,4569,1.18,527
2540,1,1,0,1916,1904,2.32,587
3262,0,0,1,4872,4875,2.85,298
4680,2,5,0,26,30,4.18,90
2260,4,3,1,4211,4217,4.2,369
2112,2,5,0,2907,2906,3.63,468
900,1,5,4,815,817,1.78,131
1446,1,4,0,1041,1038,1.68,439
3573,3,5,0,2292,2437,4.75,414
741,3,1,3,4816,4816,6.03,620
2293,0,5,1,2089,2241,6.93,215
2452,0,1,5,1053,1201,6.18,102
2622,2,2,0,1107,1105,1.37,203
4078,5,1,2,3188,3192,5.87,154
1206,1,5,0,916,922,1.07,555
509,5,1,0,1730,1725,3.13,255
2620,3,3,4,1199,1348,4.07,649
2802,3,3,0,2828,2830,4.77,357
3313,2,4,2,4962,4970,6.2,593
1549,1,0,4,3754,3753,4.75,395
4563,1,0,1,1480,1642,6.1,505
2202,1,5,0,4896,4897,3.57,199
2566,4,1,2,1242,1241,3.58,344
3892,3,4,3,4169,4168,5.85,561
2044,2,3,2,282,277,3.68,94
767,5,1,3,4454,4460,6.2,632
4872,1,1,4,4083,4076,2.6,602
3738,1,4,1,615,611,1.88,566
421,3,5,3,4059,4208,5.22,379
123,5,1,0,2236,2232,3.32,142
4162,3,2,4,83,81,3.92,433
2628,2,5,4,3849,3854,3.0,467
819,1,3,1,4029,4030,5.87,255
1403,1,4,0,856,858,4.27,227
1382,0,4,0,2626,2783,5.02,200
2148,0,2,4,4332,4340,5.4,209
1575,5,4,1,1419,1562,3.03,359
1638,0,0,3,2710,2846,3.28,400
1795,0,1,5,3741,3906,2.7,337
4815,1,0,3,4498,4504,4.55,589
399,2,4,1,1910,1901,2.05,165
2310,0,3,2,1540,1543,4.07,360
882,3,0,1,4631,4639,3.48,508
4973,3,4,5,1097,1096,2.48,484
2897,3,3,2,2555,2558,5.42,456
1352,4,4,1,3087,3240,6.03,287
2742,0,4,1,2409,2408,2.17,310
4550,2,3,0,417,416,1.5,340
2130,0,2,3,754,750,2.63,162
982,2,0,4,617,615,6.35,460
456,5,3,0,910,916,6.12,410
4119,0,3,2,1967,1958,6.28,302
1079,4,4,1,1011,1018,5.9,618
1950,3,4,2,4339,4496,6.33,455
4314,1,4,3,891,900,5.12,120
689,4,1,0,4395,4561,6.13,251
2429,1,0,4,1389,1386,1.08,587
641,3,3,1,4650,4651,1.15,585
2392,0,3,0,1713,1711,5.27,274
1953,4,4,2,1599,1605,1.53,171
2748,0,1,4,139,142,1.5,368
4313,2,5,0,3908,3914,2.52,143
3435,4,4,2,2332,2333,5.28,228
3336,4,2,5,1799,1953,6.95,140
4766,2,4,1,1301,1302,4.02,208
3370,2,5,1,872,877,6.8,277
1884,0,5,1,1018,1020,1.12,599
389,0,4,1,1112,1115,4.12,401
2494,4,3,4,3039,3185,5.58,139
3878,3,4,0,4240,4249,4.28,282
3856,4,0,3,665,658,2.18,612
845,0,1,0,4497,4501,3.63,278
542,5,3,0,285,281,4.22,96
91,0,5,0,4350,4354,5.4,363
3889,0,2,5,3140,3136,1.0,268
1979,2,4,3,1720,1717,2.85,356
2812,1,0,5,2038,2033,3.98,647
4082,1,1,0,4225,4235,1.67,230
2902,1,4,5,2686,2692,3.77,645
2529,1,4,2,2814,2818,4.97,117
1676,3,2,0,1723,1870,6.37,427
1048,3,1,0,2216,2217,6.75,365
1960,0,0,5,2013,2009,2.95,454
2530,4,1,5,202,199,1.23,100
3992,2,4,0,2570,2719,6.88,407
237,0,5,0,848,849,5.6,274
3097,0,3,1,4490,4492,3.48,327
3488,1,2,0,1773,1768,6.22,263
1133,2,4,2,3827,3998,6.32,496
1805,5,3,5,1726,1723,2.78,495
4317,4,2,4,1437,1431,2.68,610
163,3,3,1,1203,1206,3.9,557
3492,2,2,1,3852,3859,6.85,506
4709,2,0,5,2682,2690,5.57,492
4630,1,5,3,4673,4823,5.97,237
3453,0,4,5,4375,4380,3.0,479
3199,1,4,1,4264,4424,5.02,511
3634,5,5,2,781,780,4.6,454
3939,5,1,2,3480,3486,6.08,448
1811,4,1,0,3405,3538,3.93,528
3649,3,3,4,3291,3294,4.18,257
4049,5,1,5,1441,1433,1.67,153
1428,0,2,5,3474,3478,4.3,132
3613,0,1,2,1555,1559,4.32,305
3131,3,3,5,2103,2103,4.97,572
3396,5,5,2,4034,4182,2.43,397
4460,3,1,3,645,642,4.23,88
4649,1,2,4,4343,4348,3.23,323
2820,1,4,2,1091,1092,5.03,564
1452,0,4,1,4248,4254,1.45,113
593,4,0,3,3735,3736,3.17,444
41,0,1,3,3858,3861,1.1,241
560,5,0,3,4560,4565,3.42,118
3273,4,5,0,430,569,6.13,270
3244,1,3,5,4624,4631,6.52,486
243,4,2,0,1578,1584,5.77,527
1339,3,2,0,2945,2943,1.12,351
2780,0,0,1,705,700,3.37,175
3187,3,4,2,1510,1513,2.58,465
3799,2,5,3,3156,3154,4.47,416
1442,0,1,5,2274,2262,2.25,102
261,5,4,0,711,709,6.45,310
2764,5,5,4,4251,4265,5.78,461
1689,2,0,3,1380,1376,1.18,350
1725,5,3,0,2278,2271,3.62,268
4792,4,4,3,2413,2413,3.13,112
834,2,5,1,486,489,1.95,106
1866,4,3,2,4668,4674,2.23,505
2496,0,0,4,4818,4815,2.2,616
2010,4,3,1,4127,4119,3.27,225
340,2,2,0,3465,3467,2.93,515
2988,0,0,5,4949,4955,3.32,200
1601,4,0,2,4829,4830,6.17,469
3875,3,1,2,4396,4560,3.75,212
4694,0,0,4,3423,3421,3.75,647
480,1,4,3,1809,1807,2.13,584
2825,3,2,5,605,603,1.97,152
4329,1,1,4,167,329,5.27,90
3540,5,0,1,483,488,6.98,314
4638,0,0,3,1770,1765,2.05,221
3046,1,5,4,799,798,2.18,116
3990,5,2,1,377,369,1.43,202
1766,2,0,1,1930,1919,2.03,548
4473,5,0,3,4295,4305,4.62,91
2453,2,5,3,3294,3295,3.2,142
2877,4,0,4,259,254,3.72,528
3815,0,4,2,2905,2904,5.53,343
4016,5,0,4,2453,2452,5.28,392
4677,0,0,5,3180,3182,5.7,262
3679,3,3,5,3124,3120,1.28,552
1271,5,5,0,3945,3951,6.58,162
3077,0,0,4,3886,3889,2.28,591
4501,0,5,4,3141,3137,1.07,455
3094,0,5,0,3066,3061,5.78,388
4653,0,2,4,3697,3833,4.08,127
347,4,4,0,3407,3540,6.98,613
3881,0,0,5,712,706,2.45,470
4623,5,2,3,4041,4042,2.42,148
2562,3,0,2,3650,3641,6.92,531
4590,4,5,2,1263,1268,1.75,415
1423,5,1,0,3766,3930,5.85,321
656,3,0,3,973,976,3.58,242
2102,5,5,3,2039,2033,3.87,554
632,1,2,0,1574,1580,5.2,580
2892,5,4,1,1775,1770,5.73,95
2493,4,2,4,882,888,5.57,393
2665,3,2,5,2979,2976,3.1,580
4015,2,0,4,2251,2243,5.47,272
3662,5,2,0,880,885,4.12,287
3307,2,4,2,1652,1661,6.27,285
3096,2,3,4,2321,2318,1.12,113
3919,4,1,0,1399,1398,6.03,375
2500,0,5,3,2187,2188,5.85,80
1465,3,1,3,4135,4127,2.68,301
2833,4,2,3,2933,2937,6.95,612
115,2,1,4,4571,4719,4.17,614
1821,1,2,1,4553,4708,6.78,579
1494,0,2,0,3330,3332,4.9,439
2401,2,1,2,4503,4506,3.8,553
1232,2,3,4,1488,1488,1.97,345
2661,2,2,4,1102,1102,3.6,173
4100,3,4,3,234,236,6.9,233
4573,2,4,5,4924,4932,2.58,466
1153,5,1,5,875,876,4.48,221
3848,4,4,1,2411,2569,5.25,124
57,5,3,2,460,460,1.93,352
4104,5,0,4,2401,2401,3.97,564
4288,0,2,5,539,548,5.03,522
4945,5,1,0,771,768,5.22,518
1735,2,3,2,3808,3810,1.28,303
2196,2,3,0,899,903,1.18,320
3553,1,3,0,1867,1863,4.7,279
2475,3,1,2,3506,3511,6.8,454
2564,5,4,3,4492,4495,4.62,630
3158,0,5,2,232,232,5.22,394
4034,3,3,2,3415,3550,3.75,302
3655,3,4,5,4365,4370,3.12,419
707,2,4,2,429,568,5.32,609
4280,5,5,4,2990,2988,2.73,487
1093,2,5,4,2609,2615,3.38,209
4839,0,3,2,3566,3564,6.25,314
1376,4,5,1,3845,3849,1.25,425
4913,4,0,3,3481,3490,5.97,270
72,4,2,1,1017,1021,4.22,376
1922,2,3,4,532,539,3.83,368
3173,5,1,4,4224,4234,4.18,514
1764,2,2,3,2855,2852,3.98,249
743,2,5,0,2404,2404,2.17,514
4318,3,1,2,1181,1181,2.83,299
1005,5,2,1,2764,2768,1.87,277
2668,5,2,5,2005,1998,5.82,318
1190,1,0,2,4591,4598,5.4,194
4631,2,2,3,1949,1944,6.5,630
2601,5,0,1,1139,1139,2.58,433
1125,4,1,3,1654,1664,6.07,513
1241,4,0,4,3457,3458,2.9,440
4606,0,3,0,3372,3368,2.28,594
4130,1,2,4,1316,1316,5.97,103
3442,0,4,5,3651,3640,4.58,227
998,4,4,1,1736,1734,4.37,630
3386,3,1,3,1816,1812,1.67,300
2684,0,2,0,6,7,6.67,568
1577,4,5,1,4189,4188,1.4,520
4790,2,3,0,714,708,1.18,129
1826,1,2,5,2992,2990,6.75,513
3292,1,0,2,4902,4907,1.27,468
4989,4,3,1,2849,2848,1.77,358
3536,4,5,0,3951,4100,6.28,199
440,5,3,0,4760,4760,1.53,312
4951,0,2,4,3102,3096,2.58,191
1100,5,3,5,1334,1328,2.62,351
4010,1,0,3,4713,4710,1.08,584
3058,4,1,3,95,95,1.47,286
649,3,2,4,2778,2785,4.03,424
1546,0,4,5,2117,2267,3.15,537
4756,2,2,3,2349,2348,3.98,262
3560,1,1,2,1044,1042,5.53,166
3886,0,5,0,499,500,2.27,184
3741,5,5,3,1220,1224,5.22,573
630,5,1,4,309,301,1.37,518
672,3,3,4,7,6,1.13,103
1249,1,4,2,1323,1319,2.0,426
482,5,4,3,1819,1817,3.38,263
1584,4,4,0,2248,2242,6.23,400
3074,3,1,3,2540,2538,2.3,156
4627,5,3,4,424,423,2.83,368
3038,1,2,0,3820,3826,3.13,479
1462,1,4,1,1303,1306,6.55,576
3929,3,4,2,624,774,6.13,441
3621,4,2,5,496,640,2.78,552
2578,4,1,5,4501,4505,4.15,113
3801,5,3,1,3380,3510,3.23,598
49,5,3,1,3902,3911,6.37,578
4289,3,2,1,3985,3990,4.37,211
3344,5,3,5,936,942,2.23,308
858,0,4,1,3309,3309,3.53,388
1072,0,0,4,182,180,3.08,258
719,5,2,4,2519,2514,2.72,180
3717,4,4,2,1260,1265,5.22,621
2631,0,2,4,867,870,6.12,118
4873,3,5,3,3981,3984,1.43,180
1660,2,5,0,1716,1716,5.9,410
1656,0,1,2,742,741,4.42,304
2425,2,4,2,2953,2951,3.48,385
3524,1,2,4,4723,4721,2.92,286
4229,0,2,5,521,529,5.85,175
4974,5,4,5,4509,4513,5.92,202
3309,3,2,3,4635,4642,4.07,137
4476,0,4,1,77,75,2.05,606
3305,4,1,5,3462,3596,6.13,460
4751,3,5,0,1526,1529,3.4,616
4126,3,3,1,3094,3085,1.38,149
2606,1,5,0,623,772,4.2,495
1385,4,5,2,3832,3839,1.7,434
3835,2,3,2,3023,3022,2.75,497
1399,4,3,5,784,782,5.1,112
1195,3,5,2,2904,2902,2.8,389
1408,4,4,3,3922,3926,6.47,303
3824,0,4,5,3324,3325,4.28,184
1798,2,5,1,1996,1986,1.87,102
1475,5,3,4,4680,4682,4.68,186
4965,0,5,4,280,276,4.4,639
35,5,4,2,2128,2130,4.4,263
3541,4,1,2,1126,1269,2.8,471
2345,0,3,5,786,785,6.32,632
4678,4,3,5,3223,3227,3.5,182
2359,2,2,0,2135,2283,6.4,541
2206,4,5,4,3527,3531,2.93,249
3767,3,0,2,4192,4196,4.58,414
1286,5,2,3,358,508,5.12,90
349,5,1,3,3003,3001,2.22,512
2137,4,1,4,1834,1833,3.32,362
2691,0,0,1,2439,2592,5.9,149
4560,3,0,5,4745,4742,3.42,423
3967,0,0,5,1298,1300,4.57,277
1681,0,4,3,4637,4643,1.25,633
4834,1,3,2,2225,2221,4.87,190
1443,4,4,1,860,1009,3.75,294
3243,1,4,0,4369,4377,5.7,113
1671,4,1,2,3856,4023,6.57,434
3836,4,0,2,819,972,2.57,546
1179,1,3,1,1105,1106,5.87,639
2798,3,2,1,128,130,5.83,134
1692,0,0,3,1788,1940,4.82,144
3956,1,2,0,3185,3189,4.7,299
372,5,0,3,382,376,4.82,566
3610,2,5,4,2467,2463,2.55,373
1916,2,1,3,3108,3268,4.95,89
1357,1,2,4,1958,1950,3.63,413
1825,4,5,2,1373,1371,6.53,501
786,3,3,1,3394,3528,3.78,548
469,4,4,3,3528,3532,4.98,524
140,4,5,3,830,830,2.32,387
788,1,3,0,3773,3777,1.4,603
323,3,5,2,787,786,5.85,380
50,4,1,0,3284,3425,4.1,155
714,2,3,2,990,993,5.35,100
4889,2,3,1,2832,2834,2.25,398
2840,1,5,0,1640,1651,1.75,331
2446,2,2,3,2679,2687,3.87,543
4813,1,2,1,4401,4407,2.88,575
4419,5,0,3,3896,3897,1.38,608
4596,0,0,1,3742,3743,6.32,94
3015,5,2,3,1425,1419,5.8,181
2666,3,3,5,4287,4296,4.93,196
406,1,3,1,1859,1855,6.07,314
3724,5,0,2,2368,2369,4.0,271
1004,2,0,4,3890,3896,4.65,458
3787,0,4,0,4755,4755,1.37,593
890,4,1,4,3956,3960,3.45,213
2411,2,2,5,2023,2169,5.45,330
2545,1,3,2,3909,3917,6.93,455
4833,2,5,4,1592,1596,1.42,142
2390,1,1,0,84,84,3.77,184
3940,0,3,5,4523,4527,5.73,637
42,1,1,2,1537,1541,4.27,346
2830,0,4,0,66,65,1.98,397
3965,5,2,3,3482,3491,6.05,149
303,1,2,5,130,131,3.28,452
4513,5,3,2,4435,4592,6.42,457
3747,5,0,3,4675,4675,1.73,326
664,3,5,1,2736,2743,3.18,138
1177,4,4,0,3837,4010,6.97,557
2676,2,1,5,1154,1149,2.75,194
1947,5,2,5,395,387,2.9,88
2501,3,1,4,4504,4508,3.78,185
1473,4,2,3,1143,1144,4.87,158
3483,2,4,2,467,471,6.4,629
3520,5,3,0,4758,4762,4.53,232
2132,2,1,4,1045,1044,6.1,308
1026,0,5,4,574,576,3.63,385
961,5,0,4,4174,4173,3.48,585
2889,1,0,3,1294,1295,4.1,166
3134,1,4,3,3346,3342,1.83,393
2009,4,4,1,4065,4063,3.82,424
2149,2,0,2,2397,2396,3.9,518
3323,1,0,3,443,585,6.78,183
2338,1,1,2,3516,3522,6.32,369
3888,1,5,2,2090,2085,4.3,414
304,4,0,4,3840,3845,1.2,433
1440,2,3,1,2337,2337,4.05,125
1496,1,0,1,2284,2275,4.03,374
2652,3,3,0,1459,1458,2.0,99
2875,4,3,2,1530,1533,3.52,160
916,2,2,1,491,494,3.43,554
4182,2,0,5,3731,3882,5.67,603
3721,2,4,3,419,421,6.97,271
2772,2,0,4,4860,4862,4.7,530
1624,4,3,4,790,788,4.87,453
3837,5,2,3,3747,3745,3.33,557
821,1,5,4,1477,1482,3.77,80
3964,3,5,0,1342,1484,5.07,488
1354,1,1,0,4826,4827,6.78,600
4497,3,2,5,765,760,2.05,403
850,4,3,2,372,526,6.83,286
1000,3,2,1,2282,2273,3.2,152
3377,4,2,4,143,148,2.0,355
18,3,0,1,4656,4659,2.87,478
1637,3,1,0,3338,3338,1.17,246
1667,0,2,1,2093,2089,5.67,512
493,4,1,5,1421,1416,6.7,405
1347,1,3,2,3437,3436,5.68,612
3727,2,4,0,3365,3360,6.18,589
4825,4,1,2,4129,4122,6.55,386
3614,0,4,2,4206,4213,4.12,252
3481,0,1,0,249,245,3.58,613
687,0,4,3,1340,1485,6.8,128
3731,3,0,1,1833,1836,5.82,505
1608,2,3,1,2703,2713,6.12,542
4084,1,2,5,1185,1184,1.57,526
3402,1,0,3,4076,4222,6.53,520
1009,2,5,4,2147,2298,6.67,272
2408,1,2,4,1616,1624,4.3,301
1092,5,0,5,3251,3254,1.5,275
1327,1,3,5,2966,3105,6.48,599
1677,0,5,0,2561,2562,3.85,159
1999,4,5,0,4750,4891,4.45,286
1310,3,0,1,677,669,1.95,528
3258,3,4,5,3836,3843,1.3,219
1987,2,2,1,3812,3815,2.3,362
3648,4,5,2,231,231,2.82,368
344,4,2,5,1782,1775,3.2,398
4482,5,2,0,463,463,3.05,285
986,0,2,3,471,469,2.17,589
4544,0,3,0,4111,4105,5.08,590
3807,0,3,0,1767,1761,5.17,359
4523,4,1,2,3443,3444,4.33,633
4002,3,5,0,3588,3579,1.28,459
3091,5,2,4,3744,3742,2.35,214
3961,3,2,3,1828,1984,3.45,581
1142,5,3,2,2495,2489,4.8,441
2358,0,1,5,4849,4852,1.35,138
1198,3,5,1,3317,3319,3.52,124
85,4,3,0,3496,3501,4.85,555
1518,5,0,1,2339,2491,1.58,596
516,3,4,5,4822,4822,4.87,136
1381,2,1,5,1287,1441,3.47,603
2716,5,0,1,3635,3626,1.03,303
3084,3,5,4,1898,1890,1.92,571
1014,5,2,1,3863,3868,3.37,596
128,4,3,5,2782,2789,5.08,328
1364,5,5,2,1484,1648,6.72,357
3623,5,2,4,3205,3366,5.7,394
4970,3,3,2,4724,4724,6.4,464
891,2,2,4,2229,2225,1.8,80
2793,2,2,1,3693,3835,5.77,84
4238,0,1,2,2447,2444,2.33,152
1359,0,4,5,726,880,6.72,454
307,2,4,3,3010,3009,4.98,404
1661,1,0,3,3166,3161,1.63,311
2431,3,2,5,3221,3225,3.7,461
3934,5,3,1,1046,1043,2.88,462
1317,3,1,5,1205,1207,3.4,504
4303,0,1,5,2745,2752,6.42,92
2474,5,4,5,3892,3895,3.18,584
2542,1,2,5,1405,1548,6.8,200
1246,3,2,5,794,796,5.5,618
1208,4,3,4,3389,3385,1.8,325
216,4,1,3,1992,1981,6.87,497
4292,1,2,3,4176,4176,3.27,593
3062,1,4,5,4362,4366,4.27,81
1239,0,0,3,718,715,5.53,558
2289,1,0,1,1132,1132,2.62,295
2740,4,2,5,314,305,2.88,319
275,3,5,2,1243,1243,4.3,579
489,3,2,3,2002,1994,5.02,502
1035,2,0,2,953,955,2.6,482
1229,1,3,5,4756,4759,6.73,405
4585,2,2,1,1211,1214,3.78,627
1008,5,0,4,3279,3279,1.95,214
4689,3,2,4,2718,2727,1.05,470
4026,4,5,2,1167,1161,4.12,648
3182,1,4,1,1622,1629,5.18,219
2532,4,2,1,4726,4725,5.55,397
4169,4,3,0,2951,3089,3.7,227
1058,2,3,2,2078,2075,6.05,262
2166,1,3,4,4800,4800,5.18,378
4578,2,2,1,2200,2199,5.98,572
281,5,4,0,2445,2441,4.15,157
3565,1,0,3,3222,3379,5.73,550
1316,0,3,1,607,605,2.0,331
4978,4,2,0,2018,2012,2.1,169
968,1,1,3,4039,4041,1.85,273
3126,2,1,3,843,990,6.08,577
3920,0,1,3,4706,4701,2.07,573
3166,1,4,3,4409,4414,1.23,89
3519,5,1,2,3426,3422,1.12,238
619,4,1,5,2301,2295,6.85,163
3346,4,0,3,135,139,5.18,211
1742,2,3,5,4746,4745,4.33,174
1390,4,4,3,344,338,2.88,455
4050,1,5,4,101,101,3.2,470
1847,3,2,5,2758,2766,4.83,148
1579,1,2,3,4062,4210,5.52,501
1655,5,1,0,4253,4262,1.3,112
2352,1,0,4,4158,4321,3.47,555
2212,1,5,3,2938,2938,5.48,346
2020,4,5,2,1047,1045,6.82,211
4972,2,5,2,1179,1175,4.17,365
1956,2,1,2,1355,1498,4.82,334
1307,3,0,5,4596,4601,5.02,465
2003,1,3,4,1038,1036,2.05,413
4455,2,3,2,243,397,2.18,640
575,4,5,4,3179,3180,4.63,92
4089,1,0,4,241,401,4.47,84
4319,2,3,1,1135,1282,6.28,175
4436,3,4,2,2392,2387,2.02,620
1706,0,1,3,16,17,4.98,257
3742,0,1,0,2670,2678,6.68,383
3470,1,3,5,477,480,5.55,429
1280,2,3,5,2155,2150,2.22,236
861,3,0,5,4648,4652,5.37,465
4145,5,2,1,4884,4889,6.87,645
1801,2,3,2,1792,1787,4.33,439
1628,0,5,4,586,735,2.57,617
1993,4,1,5,4142,4135,5.35,561
2639,4,0,5,1487,1490,4.88,408
269,1,3,2,1571,1732,6.8,503
629,3,4,0,1253,1255,2.67,401
3081,2,2,4,2307,2300,2.97,212
2334,4,0,2,1712,1859,1.43,245
2966,5,2,3,4958,134,2.98,590
300,3,1,5,656,803,4.23,132
459,1,4,1,257,250,2.95,439
1447,1,2,3,3211,3218,5.97,224
1472,1,1,5,4702,4696,3.27,293
2046,0,4,3,4349,4355,6.57,255
4228,4,2,4,614,612,5.77,105
3764,2,4,2,2791,2801,6.57,187
2113,3,2,3,3953,3957,3.23,211
27,4,1,0,2603,2609,4.27,240
3839,2,2,3,4887,4886,1.47,546
4522,4,3,1,3413,3411,3.4,225
837,2,2,4,1709,1707,2.77,256
3826,4,0,3,3275,3274,3.05,194
2008,2,1,3,3469,3611,5.8,112
4907,4,1,0,1580,1587,4.55,164
503,4,0,4,3513,3518,4.73,103
3206,3,1,4,810,813,4.57,236
4304,3,5,1,1517,1518,2.52,452
380,3,1,4,4937,4945,4.28,147
1851,3,1,2,954,958,4.22,585
1525,0,1,2,3441,3442,1.42,356
2365,4,5,2,3595,3582,1.2,531
4147,1,5,4,3515,3522,6.62,401
3052,3,4,2,2099,2095,3.93,429
2884,0,0,3,2131,2133,3.5,413
2340,5,1,2,2837,2839,6.5,218
374,5,0,4,4326,4332,1.6,266
3260,5,4,0,2801,2807,3.28,332
2381,4,2,0,1169,1309,3.28,316
4309,5,0,1,2957,2957,3.08,398
939,5,2,0,3472,3614,2.35,147
4198,2,5,3,219,219,4.98,567
4165,4,3,1,4677,4680,6.32,258
2799,4,0,2,1245,1249,5.63,641
2147,3,5,3,4419,4419,2.87,223
3817,1,5,0,4697,4692,5.2,391
4540,2,2,4,3055,3049,1.28,197
4216,1,2,0,394,388,5.18,630
2068,5,2,0,4695,4843,6.92,361
529,2,5,0,2598,2603,1.5,642
4604,2,5,4,45,47,4.9,627
636,1,0,4,4517,4519,1.12,595
1269,1,2,3,1926,1915,1.87,398
185,1,3,2,4439,4444,5.8,625
4349,5,1,4,594,592,1.28,559
3179,5,1,4,534,542,5.92,368
3454,2,2,1,2927,2929,6.43,251
1797,3,2,1,1906,2053,2.08,275
2979,3,4,2,3409,3407,5.8,577
1441,2,4,2,4777,4775,2.98,476
3427,4,3,2,3581,3574,6.72,549
4874,1,3,1,3488,3493,2.63,301
1535,2,4,2,1729,1724,2.45,392
3443,5,0,4,2975,2969,1.45,171
1273,0,4,2,1552,1557,4.28,235
2467,2,2,0,2662,2667,4.67,150
607,0,0,2,4293,4300,2.58,463
3513,1,4,0,3914,4059,4.9,286
1712,2,1,3,3440,3440,1.25,478
2199,4,3,0,1582,1591,6.63,291
955,1,2,1,2673,2679,4.22,501
2579,2,0,3,3499,3504,4.62,290
3897,2,4,0,444,449,6.65,333
4425,0,3,5,4026,4030,6.95,635
3380,4,5,2,3460,3461,4.2,608
3685,1,3,2,263,257,2.55,382
403,5,5,4,4175,4174,4.58,255
2071,3,1,4,4268,4279,4.77,116
4755,0,0,2,2305,2446,4.23,177
1977,3,4,3,118,272,5.47,369
158,1,5,0,2492,2486,5.17,151
1748,2,5,3,4727,4726,4.72,128
2909,1,2,3,4850,4854,3.05,263
3534,2,3,2,1591,1595,1.38,254
902,4,3,5,1410,1405,4.52,143
352,0,3,0,553,556,2.15,626
1230,3,0,4,2935,2936,3.97,639
4670,1,1,4,1858,1854,6.53,613
2140,4,5,4,543,703,5.85,179
444,2,0,3,945,949,3.17,393
4948,3,0,4,3625,3619,5.6,295
754,5,5,2,1543,1545,1.6,563
1737,4,4,2,4838,4842,1.43,364
2971,4,2,0,3208,3210,1.1,276
4979,4,5,4,1686,1684,1.1,409
2920,0,2,5,3118,3117,5.55,153
311,3,1,0,3751,3751,6.65,225
548,5,4,0,2253,2246,5.93,232
4052,1,3,4,1893,1889,6.97,229
4761,2,3,2,2861,2861,3.23,633
1989,4,1,5,1075,1074,5.08,334
306,1,0,1,4674,4676,2.22,594
2335,4,2,1,2063,2058,1.17,256
694,0,3,0,1229,1225,2.95,384
2356,4,2,5,415,553,4.58,250
1927,1,4,1,3640,3631,2.77,260
684,5,2,0,583,736,6.93,89
749,0,2,0,1192,1191,1.73,241
4008,3,0,3,158,314,4.43,470
1266,0,5,4,4005,4005,3.07,407
3285,2,4,0,1932,1922,3.08,568
3529,0,0,2,457,599,6.43,616
4423,5,4,2,3879,4036,6.35,104
3984,4,0,3,163,166,6.3,169
3083,2,1,2,475,477,5.47,588
3061,0,3,0,4366,4368,2.03,517
3025,5,4,1,782,781,5.65,90
970,0,1,0,2204,2203,2.4,549
13,0,5,2,1693,1696,6.42,381
873,3,0,5,2786,2790,1.13,503
808,4,2,4,2600,2606,4.23,242
3198,1,4,5,659,652,2.58,378
514,0,5,0,2711,2723,2.75,179
4472,4,2,5,4011,4012,5.58,404
409,3,5,1,2342,2343,6.25,88
3408,1,2,1,746,744,3.73,460
4342,3,1,3,1364,1357,2.27,256
207,4,1,0,4096,4090,2.87,203
3691,3,3,2,2498,2490,1.08,613
458,5,4,2,3164,3162,6.25,480
3471,3,0,5,2106,2104,4.03,576
2430,2,3,2,2438,2431,1.33,135
3657,5,5,0,2784,2793,4.5,104
110,4,3,5,2288,2281,5.15,607
4589,1,2,0,3080,3228,5.65,585
4044,1,4,0,4453,4457,2.72,501
1883,1,1,5,2326,2324,2.05,178
1713,1,3,2,4513,4516,2.47,500
3958,3,1,0,3361,3485,4.95,109
3399,5,0,3,1257,1261,4.58,217
552,1,2,0,2982,3122,5.87,179
1439,2,4,3,593,595,6.73,638
2270,4,1,2,3429,3429,5.85,557
3144,2,1,4,2059,2206,6.02,121
2821,1,5,1,4598,4603,2.48,414
4781,2,4,2,1561,1566,3.35,280
1925,5,0,4,1945,1936,2.03,388
634,4,1,2,4527,4531,3.72,642
4805,4,4,5,1006,1010,4.2,391
316,3,4,2,246,400,1.37,309
4217,5,0,3,2290,2435,4.3,319
4699,4,4,0,2488,2622,1.12,102
1328,4,4,2,1266,1272,5.35,439
427,0,4,1,1776,1771,2.05,589
4374,5,4,3,493,495,2.05,509
105,4,0,3,445,444,1.73,576
3041,0,1,0,3539,3544,5.43,204
142,1,5,4,2659,2664,1.88,435
2169,4,4,3,653,649,3.28,100
3458,2,5,1,1371,1368,4.1,460
89,2,5,2,4250,4261,1.93,185
2918,0,1,5,833,832,1.32,485
3237,1,2,5,4911,4917,4.67,132
2241,3,4,1,4936,4943,1.25,645
3174,0,5,2,1054,1049,2.08,606
3412,4,1,3,100,100,1.78,214
2163,5,0,4,4220,4233,5.9,573
2636,3,4,5,2092,2088,2.07,81
1949,4,4,5,4066,4066,5.65,222
1768,5,2,4,393,384,2.47,95
4290,5,5,3,4210,4215,2.33,284
2272,0,2,0,625,776,6.35,392
1,2,2,5,4491,4494,5.73,388
3282,0,1,2,3146,3144,1.72,281
4957,2,5,1,4762,4898,4.62,195
1951,1,3,5,1499,1501,4.6,125
935,5,3,4,4891,4893,3.3,228
4296,0,2,4,3150,3150,5.92,646
2720,4,1,5,806,806,1.72,492
4447,4,0,3,178,342,6.1,539
1109,2,0,3,2268,2260,6.2,579
3960,3,4,3,3296,3299,3.68,440
591,5,3,2,4104,4259,4.38,188
1695,3,3,4,889,896,2.73,303
3450,1,4,5,62,60,3.15,162
2936,3,4,5,2127,2127,1.98,248
4204,1,1,0,2909,3056,3.63,132
3411,5,1,4,2822,2827,4.38,514
1576,4,0,5,4322,4329,3.87,488
3954,3,5,4,431,431,4.8,144
213,2,2,1,1630,1639,6.38,597
778,2,1,3,4886,4887,1.62,173
1415,3,5,1,1073,1070,3.67,505
3759,2,1,0,1351,1343,3.43,102
2043,2,4,3,4825,4824,1.95,531
2848,0,1,0,1766,1762,6.63,540
4537,2,5,0,3705,3704,5.42,363
3505,2,3,2,329,326,4.05,562
3813,2,2,0,3611,3604,3.83,469
1567,0,0,2,913,919,6.43,84
165,4,2,3,4752,4756,6.57,357
4714,1,4,3,3557,3553,6.97,421
4272,5,4,3,3916,4060,6.05,497
4926,0,1,0,129,132,6.52,135
1343,4,0,1,4445,4450,2.03,592
2013,0,0,1,2139,2137,4.5,537
273,4,2,3,589,588,3.43,561
71,4,0,5,3702,3702,6.2,164
3887,3,1,5,357,354,2.45,565
1087,2,0,5,2347,2345,1.48,581
394,4,2,1,1171,1168,3.9,98
583,1,5,0,2025,2170,6.58,144
1367,5,1,2,25,22,2.4,85
4987,0,4,3,3332,3335,3.22,436
4088,3,4,0,2376,2374,5.85,175
2548,1,4,2,2487,2625,4.88,220
1013,5,4,1,2961,2962,6.73,190
4897,2,3,5,199,197,2.0,472
3003,3,5,0,104,104,1.4,136
4788,1,0,5,4420,4422,2.33,594
4407,4,4,2,1005,1163,2.63,468
3532,3,2,4,19,23,6.67,542
1763,3,1,3,1072,1067,1.12,336
1875,0,2,4,4510,4514,6.0,512
1259,2,2,5,111,117,6.2,401
4530,0,0,4,1330,1325,4.5,88
2253,3,4,3,4172,4170,1.2,464
2781,4,4,2,4067,4064,1.78,517
3592,4,2,5,4010,4011,2.88,480
526,1,0,3,4651,4655,3.78,258
4263,0,4,1,575,579,6.45,83
2946,3,3,1,4125,4118,2.52,225
377,5,3,2,4858,4948,5.78,349
1559,0,4,1,1636,1646,5.17,565
3820,1,4,0,186,186,5.87,101
1963,3,3,4,1206,1209,4.72,558
4732,0,2,0,2486,2623,5.52,343
348,5,2,0,3961,3963,4.5,150
2434,0,3,1,1889,2043,4.68,376
2246,3,5,0,1083,1080,1.02,451
4166,0,5,0,760,755,2.38,173
1709,2,0,2,4165,4163,6.08,297
1050,2,5,3,4489,4489,2.13,356
590,0,1,5,3187,3190,2.2,84
519,5,1,4,4682,4684,4.78,191
4752,0,2,5,255,252,5.53,547
4308,2,1,2,2057,2051,4.55,151
2477,1,5,3,1,1,2.57,194
1083,1,5,2,1962,2099,5.3,278
3588,4,1,3,2270,2266,6.17,198
4778,2,2,5,3915,4058,3.73,389
4509,4,4,1,3796,3799,3.18,89
1294,2,3,0,2276,2417,3.78,508
1809,2,2,5,831,829,1.62,443
791,1,0,1,338,332,3.28,345
792,0,3,2,212,211,4.88,82
4114,0,0,5,1250,1252,6.48,537
1855,4,4,3,1288,1446,6.08,491
4757,0,5,3,1152,1290,5.02,564
1980,3,3,5,3050,3196,6.27,230
3233,2,3,2,345,498,3.32,121
3908,1,0,4,4832,4834,6.73,153
4984,1,1,2,1671,1677,6.3,579
3328,2,2,5,2462,2458,3.93,501
1530,4,1,5,3070,3060,2.97,553
1410,0,2,4,3125,3289,5.9,118
4294,0,2,1,2341,2493,2.5,435
4648,3,5,4,763,920,4.35,267
83,0,5,0,1812,1967,3.67,357
868,2,5,1,1127,1128,4.77,305
2350,3,3,5,3100,3095,4.62,326
20,4,0,2,2887,2889,4.47,595
3424,2,1,5,4798,4799,3.78,289
2795,5,4,2,3641,3633,4.43,494
4572,4,4,5,340,335,2.98,100
1562,5,5,2,2908,2907,2.63,603
3093,3,1,3,3955,3959,2.6,374
3155,1,1,0,1850,1847,3.52,137
973,3,1,2,3772,3775,1.6,576
1710,1,1,5,852,853,3.15,600
3201,5,0,4,1600,1606,1.08,272
4371,0,5,4,986,987,1.58,93
4819,3,0,1,4131,4124,5.9,289
1098,0,1,5,4965,4968,1.62,503
4161,1,1,0,606,607,5.4,148
2844,0,5,3,3498,3503,3.97,456
886,2,0,3,2807,2813,5.15,406
4931,0,3,4,928,1085,4.73,463
3678,3,5,4,3122,3283,5.73,459
4580,0,4,0,4600,4609,5.77,425
3566,1,0,1,3076,3067,3.63,463
4401,4,1,4,4103,4256,3.22,183
515,2,0,2,644,634,1.28,424
4620,3,5,1,2984,3121,3.35,285
737,4,3,0,1467,1469,2.82,287
1453,5,0,5,1040,1040,6.83,457
3971,0,4,3,3065,3057,5.77,646
4700,0,3,0,185,182,2.48,407
2506,5,0,5,2111,2107,4.33,633
2994,5,3,1,181,340,1.73,500
2126,0,2,0,4119,4276,3.4,183
2926,3,3,1,512,516,6.57,141
4745,1,0,1,397,389,2.78,568
906,3,3,5,1093,1094,4.23,190
3647,0,2,4,1310,1462,4.15,597
1030,5,5,4,1718,1715,4.72,446
2507,0,1,3,2761,2765,2.43,347
2428,1,2,4,4048,4047,2.78,209
947,3,3,2,306,299,3.82,499
3806,2,5,4,2295,2288,4.68,356
4754,0,4,0,557,561,4.27,489
715,0,0,4,1684,1827,2.77,496
4055,2,3,4,4540,4549,6.8,304
686,3,0,4,2590,2596,2.28,627
703,4,0,1,440,440,4.03,268
3341,1,0,1,2857,2856,2.25,316
2353,0,3,4,159,311,3.37,173
2257,4,4,0,218,218,6.15,502
3551,4,1,5,1270,1277,6.42,529
473,2,4,5,3989,3991,3.28,233
21,0,1,2,3328,3465,5.23,215
2752,1,1,4,1586,1592,3.02,141
885,0,3,0,637,630,1.33,214
2448,5,0,2,4385,4389,5.75,491
917,3,2,4,3220,3376,5.27,538
3757,5,0,5,1125,1270,4.23,251
3751,3,5,3,1647,1794,4.92,266
2239,1,5,1,2129,2128,3.42,176
3844,4,4,5,710,862,2.53,160
3395,3,2,0,1036,1034,4.6,374
1265,5,5,4,2614,2619,6.72,480
483,1,0,5,1694,1692,1.18,356
4337,2,3,5,112,114,1.13,253
2963,4,1,3,1458,1457,3.13,386
1219,1,3,5,1164,1159,6.03,168
277,1,3,0,964,964,1.7,556
988,2,1,3,919,924,2.1,367
2084,3,3,1,1422,1414,3.87,556
1245,5,4,0,4091,4081,1.22,135
2382,3,0,5,4599,4610,6.9,98
571,4,0,3,4799,4798,1.58,250
1435,3,0,5,828,827,2.22,431
993,3,4,3,1259,1264,6.83,291
3930,0,0,3,650,647,5.95,578
3447,2,0,2,2915,2916,5.5,108
585,4,3,0,1087,1086,1.9,369
3658,4,0,5,3127,3286,1.73,448
2514,3,4,2,3043,3039,3.32,387
1349,5,3,4,1521,1525,4.8,194
1007,5,2,4,2207,2360,4.12,500
674,1,1,5,4379,4541,5.77,418
2412,1,0,1,368,363,1.35,440
2903,4,1,4,1403,1400,3.2,406
447,2,0,1,4245,4251,3.67,343
3834,4,2,3,2623,2629,5.9,469
3758,1,0,5,2530,2532,4.73,286
3703,4,1,4,2677,2828,1.42,369
359,1,2,5,4036,4037,2.17,591
2064,1,3,2,120,121,2.63,453
4449,1,1,5,4109,4104,5.28,451
3810,4,4,0,1938,1930,5.93,600
1690,3,1,3,2460,2453,1.9,595
4326,1,1,3,350,345,1.55,331
1548,3,2,4,2336,2492,6.13,621
1247,3,1,3,643,792,6.12,625
1985,0,2,3,958,960,4.4,332
294,0,1,5,3993,4140,5.42,253
1547,2,0,4,2514,2512,4.9,537
2012,1,2,5,3388,3388,5.25,150
588,0,1,3,3096,3091,5.58,222
3329,1,0,3,4002,4000,1.88,97
2403,4,4,0,437,441,6.33,458
2129,3,5,2,4870,4872,3.78,640
4388,1,1,5,0,0,2.65,609
2410,4,0,3,3432,3430,2.48,454
2719,0,2,1,1346,1339,3.43,570
425,5,2,1,1141,1141,3.33,473
2582,0,1,3,1478,1483,6.15,329
1054,1,2,1,2811,2816,2.77,104
3966,1,1,2,3307,3305,1.87,102
4562,0,3,4,2279,2270,2.4,480
556,5,1,5,1137,1137,2.38,173
4358,4,1,4,4542,4548,5.52,479
3938,2,0,4,4156,4153,2.98,196
4712,2,0,5,1829,1821,1.55,426
2469,5,2,1,2190,2185,1.3,611
4710,5,3,1,811,812,2.62,174
355,2,2,3,3692,3683,1.15,480
1193,2,5,3,2052,2045,2.32,245
1716,0,0,1,1319,1317,1.98,336
3416,1,5,1,1581,1590,5.12,555
2604,0,2,1,4833,4832,1.48,447
4129,5,3,5,871,874,3.37,516
2828,1,5,4,4589,4595,4.03,365
1704,5,0,5,3624,3616,5.3,572
2863,3,5,4,4654,4657,1.52,529
2618,0,5,2,4006,4006,2.9,436
2400,1,0,3,2816,2819,2.2,403
2139,0,3,0,4551,4557,5.93,132
3239,1,2,1,2625,2630,2.97,510
2383,5,1,4,2064,2059,2.83,338
3218,0,5,2,2572,2573,2.67,91
3935,4,0,5,2455,2447,1.48,88
1285,4,3,1,3524,3658,1.83,97
3796,1,5,1,1357,1351,3.03,530
4894,2,2,3,2870,2871,3.27,555
4468,0,4,5,2122,2120,1.15,527
2087,0,4,0,4400,4406,2.37,232
1889,3,3,2,2430,2428,4.67,146
4622,0,4,2,4143,4136,5.52,517
1591,3,0,1,4834,4833,1.03,87
1346,4,2,3,1329,1323,5.58,400
4431,0,4,3,1841,1842,2.15,147
2162,4,5,0,1187,1188,3.55,161
2396,5,5,0,1286,1443,4.3,405
4768,4,1,5,3253,3404,6.0,117
2271,0,4,3,4972,4979,5.07,202
4490,3,0,5,3618,3757,6.88,281
3111,4,0,3,934,940,1.02,421
1137,1,3,0,1750,1748,6.13,112
3895,4,3,1,3240,3245,6.55,127
972,3,2,5,505,506,5.48,568
795,5,1,2,4042,4044,5.78,498
3020,5,5,2,2507,2503,6.03,437
1711,1,3,1,3371,3367,3.22,189
3387,4,3,1,1903,1895,1.38,519
36,0,4,1,1601,1608,5.08,175
453,4,3,4,370,523,4.37,524
913,3,5,0,3668,3656,2.35,184
4081,2,5,1,4223,4230,1.22,239
1199,3,5,4,3535,3675,3.62,501
1274,3,2,4,1961,2097,4.78,607
2375,2,2,3,3774,3781,6.82,179
37,5,5,2,3312,3311,4.12,189
974,1,5,2,4788,4786,5.7,118
3195,1,2,0,3992,4141,6.48,179
983,2,4,2,2283,2272,2.35,170
3904,3,2,3,3750,3750,5.82,112
4069,4,4,1,2297,2287,2.27,409
1418,0,3,0,4001,4002,4.65,334
3332,0,4,5,1502,1505,2.32,322
1560,1,3,4,2403,2405,6.03,272
39,1,1,4,4035,4038,5.2,482
1486,5,3,5,4707,4700,1.02,322
3883,3,5,4,4120,4112,1.1,363
169,3,4,3,4494,4648,4.67,211
1355,3,1,3,2934,2935,3.72,268
2785,1,4,2,3064,3211,5.23,176
3632,4,5,1,4356,4362,4.95,335
4748,3,3,2,452,452,4.03,219
4004,1,0,3,1456,1456,5.35,227
2682,4,2,4,3619,3610,1.8,284
4704,4,1,2,2426,2425,6.33,380
4025,1,3,0,2751,2758,5.02,440
1640,2,2,3,1701,1699,2.28,99
1290,0,5,3,1426,1418,3.82,148
1380,2,4,3,2739,2746,4.93,374
1933,1,1,2,3628,3621,4.38,102
579,0,5,4,1051,1050,5.43,472
4220,3,5,0,2995,2993,3.37,540
3160,3,2,1,793,793,1.83,116
2030,0,4,5,1448,1445,2.77,628
892,5,4,1,3167,3165,6.67,249
3951,0,2,0,3627,3618,3.33,118
780,1,4,3,1990,1980,6.67,145
159,5,4,1,749,904,6.72,315
2,2,4,3,3209,3214,4.32,434
2263,5,0,2,402,395,3.05,306
3216,3,3,4,4536,4542,3.48,567
2109,1,3,1,465,465,1.23,314
849,2,2,5,2263,2253,2.1,408
2737,0,0,5,825,824,4.33,446
2466,1,3,2,3594,3585,2.45,215
3650,5,4,1,2191,2190,6.82,405
1596,1,1,0,966,970,5.57,149
1776,1,5,4,4440,4446,4.53,395
1913,2,2,5,30,33,5.17,409
1043,1,1,4,268,264,5.1,224
4713,0,1,4,3265,3265,4.12,368
1544,0,1,2,4734,4734,6.58,167
2736,3,4,0,1800,1799,6.6,491
3706,2,3,1,3256,3258,2.13,245
4617,0,2,1,2654,2658,2.6,517
53,5,3,5,4305,4310,1.9,257
1796,2,0,5,725,719,4.05,540
1911,1,1,3,930,936,6.47,284
2306,2,4,2,2633,2637,5.47,355
2553,1,1,5,2792,2802,6.53,481
2800,0,0,1,1948,2086,6.83,495
4086,0,4,3,720,716,5.3,517
4127,0,4,0,3642,3632,1.52,122
824,5,0,2,3905,3913,3.47,425
4733,0,5,1,1814,1811,4.17,624
3178,0,4,0,3335,3337,1.5,563
3401,0,5,4,3169,3330,5.98,223
1389,0,5,1,1109,1110,4.63,386
3564,2,4,5,2575,2578,6.18,287
4876,5,3,1,2852,2851,1.68,106
884,0,3,1,2874,2875,5.9,309
3805,3,5,4,4511,4658,2.1,647
1607,1,0,3,4363,4367,6.88,632
1594,4,4,2,2532,2530,2.67,559
771,0,5,4,4226,4236,2.08,183
2611,2,2,5,40,177,4.82,330
4661,2,5,1,1523,1527,6.97,321
2273,5,1,3,704,696,2.72,596
1868,5,1,4,669,665,3.2,372
1085,4,5,0,3206,3365,3.62,575
10,3,3,1,4848,4851,1.27,417
3611,4,4,2,1774,1769,4.1,119
1325,4,0,4,125,127,4.93,342
3390,5,3,4,2022,2167,3.77,459
1463,0,3,1,562,566,3.33,627
806,1,4,1,3603,3593,3.38,152
4260,0,1,2,1279,1422,1.95,246
3985,3,0,1,3078,3068,2.5,121
3771,3,3,1,4354,4515,5.77,386
2108,4,5,4,3098,3094,4.68,137
4235,1,4,1,3044,3040,2.67,573
4956,3,5,0,385,377,4.33,479
2234,0,3,5,1483,1645,4.67,385
3211,0,2,5,2476,2477,6.12,389
963,2,5,3,2054,2047,2.43,640
3415,3,1,3,4457,4463,6.2,607
3753,2,4,2,3658,3646,2.42,392
398,4,3,4,247,399,1.12,100
2632,5,1,3,209,368,4.67,377
4851,2,1,2,667,662,6.45,544
2996,5,5,1,374,525,5.15,396
704,5,2,3,2496,2631,6.68,138
431,0,1,3,3152,3149,1.57,309
292,3,2,5,909,914,3.87,226
4867,5,2,5,459,461,5.07,389
145,0,3,4,2621,2627,6.02,649
4393,3,0,4,3128,3124,2.47,616
2033,0,4,0,2245,2397,5.75,247
4283,3,3,0,783,775,1.13,536
1165,0,5,2,3336,3340,6.3,346
3500,2,5,0,2210,2210,3.68,619
2050,1,1,5,635,631,3.95,258
2624,5,0,2,4352,4357,4.5,637
4378,5,3,5,4715,4712,1.02,516
339,1,3,2,1621,1627,3.63,650
3879,5,5,2,4441,4447,6.3,559
4632,4,5,4,1055,1202,4.53,203
2973,1,5,1,2499,2494,2.02,588
265,3,2,3,2166,2312,5.37,110
2424,2,0,3,1022,1179,5.22,364
1262,0,2,1,1149,1147,2.83,256
1771,2,2,0,1747,1744,1.75,166
3511,4,4,3,1326,1475,4.92,309
271,2,4,1,2812,2966,3.25,425
696,4,5,0,2287,2279,5.78,549
747,2,4,1,3314,3315,2.43,517
244,3,0,4,3154,3318,4.8,426
317,4,1,0,2007,2148,5.95,454
476,0,1,2,1651,1798,4.58,490
2032,2,2,5,3271,3269,2.1,321
957,5,3,0,4095,4087,2.07,173
3816,3,5,1,785,784,6.18,226
813,3,3,4,865,867,4.72,626
4532,3,1,2,4273,4283,3.27,507
1914,5,4,0,2656,2660,2.73,551
4602,2,3,0,795,794,1.68,229
3487,4,0,4,1121,1121,4.63,625
1297,0,2,1,1349,1342,5.42,643
4030,2,3,1,2213,2216,5.78,322
1804,0,4,2,91,89,4.48,495
758,2,1,4,1439,1435,4.37,644
250,4,3,0,1649,1797,5.18,82
2461,1,3,5,3671,3662,3.52,180
545,3,0,2,2525,2659,6.95,647
3241,5,5,1,1731,1729,6.63,152
738,1,0,5,4522,4525,4.37,640
310,1,2,5,4951,4959,6.38,457
3780,0,3,1,3112,3109,1.37,256
2941,4,0,4,566,722,5.63,343
1131,3,1,0,1162,1154,1.0,109
1449,5,3,1,1683,1830,3.95,150
4919,1,1,3,1966,1956,5.28,462
15,2,5,1,1554,1557,3.82,313
3232,3,4,2,3811,3812,1.1,511
2769,1,5,0,1531,1531,1.4,204
3468,4,2,0,222,382,4.63,82
920,5,4,2,4140,4132,5.28,554
3029,1,4,5,2713,2725,4.1,366
1372,3,4,5,4260,4271,4.22,182
3587,3,5,3,3393,3527,3.37,648
2544,1,3,2,2709,2716,3.07,230
3598,2,3,0,248,244,3.07,88
38,3,4,0,743,740,1.02,414
363,0,2,1,1983,1973,6.52,472
4101,0,5,0,567,571,2.57,452
182,1,5,1,1646,1657,6.17,249
3033,5,2,1,1897,1891,5.38,629
2983,5,4,0,2577,2579,5.35,446
1194,5,1,4,4739,4738,3.33,592
2852,1,0,2,1648,1795,4.58,437
4542,1,0,3,2779,2788,6.05,482
1121,1,0,1,4311,4318,3.63,151
2235,3,5,0,1292,1294,5.68,213
2667,0,3,4,33,35,4.82,429
3699,3,3,5,1924,1913,4.13,530
3223,5,1,3,1585,1589,2.5,231
1182,3,0,1,2888,2887,3.78,418
4184,3,0,2,546,702,3.25,508
4293,3,5,2,325,321,1.23,457
614,0,3,2,2246,2398,6.22,113
4908,1,2,4,3420,3419,2.38,437
1466,4,1,4,3944,3950,3.48,231
401,3,0,2,1553,1556,2.03,118
3042,2,2,5,273,267,2.27,489
934,3,2,0,1030,1029,3.57,276
2419,4,0,5,2331,2331,1.95,190
4860,4,3,1,4411,4579,4.95,126
4910,0,2,0,3466,3468,5.62,274
2641,1,2,1,3091,3084,2.33,413
4017,4,2,5,2853,2855,6.72,621
726,4,5,1,2835,2998,2.38,558
826,1,2,4,4292,4301,4.8,470
1521,4,5,0,676,673,5.12,112
4856,2,3,4,3716,3714,2.15,602
2930,5,3,1,4897,4902,2.98,124
136,0,2,4,274,429,5.42,274
3590,3,1,3,2407,2406,3.57,152
628,2,1,4,695,690,4.33,212
334,2,3,0,2293,2285,3.92,308
390,1,3,4,1085,1236,4.88,584
4387,1,5,4,3967,3971,3.82,494
4904,3,5,3,1173,1167,2.67,514
3832,4,2,5,1172,1169,5.17,154
1817,4,5,4,2936,2939,6.38,151
400,4,3,0,36,39,3.42,420
710,3,1,5,579,581,1.2,293
1039,5,4,5,3736,3739,6.18,139
3989,5,4,2,663,656,6.33,647
3359,3,5,2,1584,1586,1.9,542
46,4,1,4,434,433,6.37,104
1561,3,5,4,684,683,5.45,186
4799,3,5,0,47,48,3.33,488
3642,0,3,1,3168,3164,4.47,178
3726,1,4,0,2815,2820,3.92,422
4982,5,1,0,4094,4088,4.38,327
1112,3,2,0,955,956,1.48,336
2513,3,0,4,3215,3220,2.75,103
3608,1,4,1,1070,1068,2.1,332
1223,5,0,4,321,318,3.3,144
4060,4,5,4,4374,4381,5.75,278
3023,4,1,4,3022,3023,6.18,555
2421,0,1,2,1497,1500,5.05,343
1508,3,1,0,3942,3946,1.45,112
1750,4,5,1,470,474,4.65,357
4837,4,0,1,4318,4324,3.58,394
4096,3,4,5,2991,2989,3.67,412
1799,4,2,1,952,954,6.7,239
338,5,3,5,4678,4678,4.13,277
215,5,1,5,239,241,6.47,223
3663,2,3,5,4538,4544,4.77,370
1341,4,1,2,4203,4371,6.95,592
11,2,4,0,1464,1464,2.37,110
1520,1,1,5,2983,2980,1.22,128
3640,0,3,5,3797,3800,2.88,305
3937,3,0,1,1317,1313,1.18,475
4427,0,5,1,824,821,2.7,641
3004,1,3,0,3381,3377,1.22,167
2864,3,0,4,287,283,1.85,239
3115,1,3,2,2518,2515,3.92,111
4840,4,4,3,2464,2459,2.87,503
2322,5,1,3,361,357,1.98,568
2571,0,1,4,2100,2096,2.83,242
2913,3,1,3,2512,2510,1.67,557
101,5,5,4,2543,2549,6.1,83
3549,5,5,1,3738,3740,5.57,478
1458,3,0,3,1481,1644,6.77,512
171,1,3,2,2976,2971,1.55,144
107,4,5,4,1589,1594,2.72,299
4196,3,1,0,2393,2388,3.62,304
3569,3,2,4,1976,2116,5.18,102
4991,2,4,2,1066,1064,6.4,340
4295,4,5,1,4071,4071,5.07,595
4063,2,1,5,3366,3359,5.67,546
3861,5,0,1,1905,1897,1.88,617
4122,2,5,2,4537,4545,5.65,469
4629,0,5,2,2221,2373,6.4,292
60,5,0,2,1168,1160,2.3,287
1240,0,2,4,3585,3577,3.55,148
4637,3,1,2,4371,4375,1.7,523
1040,1,4,5,2014,2010,3.28,619
4187,1,1,3,3570,3569,6.68,310
2760,0,4,3,1186,1189,5.83,593
2120,3,4,5,3137,3133,5.15,632
1524,5,5,4,1820,1816,1.15,421
3521,0,1,2,3925,3929,5.67,543
153,5,5,3,4874,145,3.92,128
2248,0,4,0,4117,4274,4.82,344
481,5,5,4,4647,4653,6.8,173
4233,1,3,1,808,811,5.82,508
4305,1,3,1,4524,4526,5.52,505
3578,0,4,2,1118,1260,3.73,601
4125,0,4,1,2143,2142,2.93,355
3562,3,2,5,3026,3025,2.18,620
3315,4,4,0,3870,3872,2.4,130
1762,4,2,1,2586,2588,2.1,335
3538,4,2,3,4908,43,6.5,348
4803,0,3,4,1740,1737,5.6,460
750,4,2,1,2627,2780,2.93,468
3619,4,0,1,982,984,6.62,574
1785,1,3,2,94,94,1.62,84
4270,4,1,4,4079,4226,6.73,365
3383,1,3,0,4378,4383,1.42,518
4348,2,0,2,3753,3749,1.8,486
405,1,4,1,3306,3310,6.4,294
757,4,1,4,3933,3937,4.52,379
2711,4,1,0,1672,1678,6.72,354
2670,0,0,2,2757,2763,6.4,495
3983,4,2,0,72,68,1.5,395
97,2,3,2,812,815,3.93,551
1333,0,1,3,4783,4779,1.68,340
4451,4,5,1,2192,2191,5.42,527
2791,1,2,3,269,261,1.45,365
2854,5,4,5,4555,4709,5.33,153
186,4,4,1,4167,4164,2.53,318
4003,3,1,5,1869,1866,6.95,631
2723,1,4,1,3047,3042,2.68,384
3583,0,4,3,2483,2481,4.07,612
2058,4,1,0,155,159,2.37,311
1319,3,0,5,2406,2407,5.05,475
148,5,1,5,1432,1429,2.57,104
28,5,3,2,4359,4365,5.63,267
4140,5,2,0,1008,1014,6.35,383
4009,0,2,5,1960,1952,6.2,342
3363,3,4,0,578,582,5.47,277
692,3,3,4,929,933,2.92,485
2866,2,0,1,4775,4776,6.9,272
3776,1,4,1,4478,4484,5.72,529
1386,3,5,2,1519,1521,3.45,454
1845,4,1,3,1098,1098,4.13,552
4730,2,3,4,1835,1832,1.75,307
129,3,1,4,191,187,1.12,468
1599,5,0,3,1101,1246,6.27,518
3629,1,4,0,997,1001,1.65,638
4503,4,1,4,3492,3497,1.83,408
701,1,3,0,2136,2282,5.75,116
3982,0,3,5,3255,3257,1.05,582
3028,5,1,3,1457,1455,1.13,608
2969,2,5,2,55,57,6.15,223
4356,4,1,5,63,207,6.63,557
1708,2,4,3,2602,2607,2.88,258
2953,3,0,2,4876,146,4.95,209
454,0,4,2,582,732,4.68,408
2868,5,2,4,585,734,2.35,174
2040,0,0,4,225,224,3.83,405
1772,3,3,1,3308,3308,3.82,559
2315,0,4,0,412,411,3.12,142
609,2,4,5,2636,2638,1.9,564
167,4,1,4,816,818,2.5,267
730,4,0,2,1377,1374,4.68,589
4248,2,3,0,853,854,3.48,499
3358,3,3,5,399,392,1.88,167
2074,1,4,2,4017,4020,4.93,222
4039,2,2,1,3099,3092,2.98,112
3700,5,0,1,3643,3784,4.8,488
1622,3,5,4,4761,4763,3.4,459
587,3,2,0,504,505,5.03,421
1401,4,3,2,1313,1312,6.95,577
3045,4,5,1,641,790,6.27,276
3224,0,0,3,3621,3755,2.13,215
1700,1,4,1,3620,3758,6.08,97
3088,0,3,4,859,1007,4.3,645
4390,3,0,2,3873,3878,3.3,216
2981,4,5,1,687,684,2.87,558
40,4,0,2,2978,2977,5.97,405
1379,1,3,5,4621,4628,3.9,171
2089,4,5,1,4496,4497,3.03,562
2175,2,4,1,2589,2595,3.97,317
3217,4,2,3,1183,1186,3.37,204
2885,3,1,3,3181,3181,4.5,532
74,5,1,5,1514,1516,2.67,448
3909,3,1,2,2974,2970,2.47,471
4964,3,3,0,2491,2484,3.9,109
2657,5,3,1,4231,4398,1.63,162
3180,1,2,0,3461,3463,6.05,596
2076,5,1,3,1324,1320,3.97,504
441,5,2,3,627,622,4.13,152
4051,0,1,5,3153,3316,1.58,480
2051,1,3,5,946,950,3.03,545
2541,0,1,4,3067,3059,3.82,513
3306,3,5,1,1492,1493,4.78,471
1301,4,5,2,4549,4555,4.07,600
1781,2,2,3,2317,2313,1.98,263
4814,0,2,0,3834,3842,5.53,640
3430,2,1,4,427,427,3.63,394
1304,4,1,0,2787,2794,2.25,151
236,4,2,4,2444,2442,4.95,108
2599,4,0,3,2076,2074,2.2,281
520,0,1,5,2381,2378,2.47,525
2573,4,3,4,807,810,5.63,349
3280,1,3,5,4393,4395,1.65,297
3186,4,4,3,2468,2464,3.72,618
2768,2,4,1,436,436,5.55,116
735,2,2,0,2641,2795,6.62,221
4703,2,2,4,2148,2144,1.47,425
4929,1,0,4,4645,4650,6.72,630
2106,0,0,1,1849,1845,5.42,148
2679,4,5,1,2954,2955,3.5,627
3229,0,5,2,1784,1778,5.02,94
2761,1,4,5,722,718,3.58,474
592,4,4,2,4382,4386,1.1,364
1303,3,4,1,3467,3469,3.65,597
1387,4,4,3,563,721,3.27,141
4695,3,1,5,4961,4964,3.17,496
4526,3,0,1,1690,1689,2.22,241
3947,0,1,3,4751,4752,3.58,535
1890,1,1,2,1474,1477,4.03,425
2987,2,0,5,4597,4604,6.55,146
4924,4,5,4,2335,2335,3.37,288
3297,0,4,1,2997,2994,1.95,121
904,2,4,0,2040,2034,3.27,103
4609,0,1,2,4564,4571,6.7,171
1279,4,5,3,1839,1839,5.2,555
933,4,2,4,238,239,5.82,338
4899,5,2,0,1248,1250,3.27,493
2308,1,2,1,2788,2797,3.62,103
1555,2,1,5,3072,3065,6.18,400
4533,1,3,0,2620,2626,1.5,535
3190,4,5,3,3977,3980,2.05,225
4441,4,2,5,3926,3927,1.32,588
706,5,3,4,1698,1693,2.42,163
4690,4,4,0,906,913,5.95,418
3070,4,4,3,2527,2525,1.62,556
745,2,4,2,652,648,6.63,361
3594,0,2,0,2569,2574,5.95,170
1939,3,4,2,2373,2524,6.2,134
4400,3,5,2,4123,4115,3.67,199
2862,5,4,2,1972,1961,2.65,177
3996,0,3,5,3841,3850,6.07,142
513,4,5,3,3533,3674,4.65,106
81,0,1,4,1982,1972,5.42,241
4976,4,2,5,1551,1555,2.32,151
1308,4,2,1,1404,1401,2.47,274
4614,1,4,3,1103,1104,5.72,566
914,4,1,0,4469,4473,5.12,158
3452,1,4,0,844,989,2.48,297
3695,5,2,4,4595,4602,5.38,380
4804,5,1,3,3911,3916,2.95,353
3156,0,4,1,11,8,1.8,473
2198,4,1,3,2041,2035,6.1,426
4232,0,5,3,3323,3326,4.7,357
774,3,5,3,2060,2207,4.45,118
329,4,4,5,3792,3953,6.2,422
2054,3,4,0,903,908,2.55,576
2001,4,3,5,1741,1738,3.68,526
943,5,3,1,4316,4323,6.2,367
822,4,1,3,2910,2911,6.42,535
4527,2,4,1,2547,2548,1.87,81
909,1,0,4,977,1135,5.78,412
2516,1,4,0,418,417,1.47,341
181,2,4,3,413,412,6.07,498
164,1,5,0,974,977,4.87,522
1523,4,4,2,2524,2656,4.28,553
451,2,5,3,4664,4669,2.6,559
2538,5,1,4,2112,2110,5.13,647
4137,2,2,3,841,841,2.23,541
4775,4,2,0,177,341,5.52,316
1311,1,5,0,3435,3434,5.92,347
3149,1,2,1,442,438,2.3,489
1111,4,1,4,2565,2702,3.42,356
4547,2,2,4,2240,2236,2.55,189
4085,2,1,5,3354,3349,2.47,415
3489,3,3,1,1873,2027,6.4,549
1287,3,1,2,4463,4622,2.0,542
4177,5,4,0,951,953,5.95,288
4645,3,2,4,3848,3856,5.43,638
3680,0,2,0,3720,3718,3.97,645
4511,1,3,2,660,653,6.98,595
4168,1,4,0,4754,4757,2.35,364
3300,1,3,0,1254,1256,2.53,329
3310,1,0,5,2158,2157,3.1,241
4556,2,2,0,1327,1322,5.88,642
3125,5,1,2,3710,3707,2.5,512
327,4,4,5,2080,2076,5.07,137
1790,1,1,3,2006,1997,2.47,262
2490,0,0,2,3962,3966,1.93,635
2006,1,0,1,4878,4879,4.83,373
2007,2,5,3,2541,2670,5.02,456
1858,5,3,4,1754,1749,2.2,634
4685,4,5,4,862,863,3.0,484
312,4,0,3,2509,2504,2.75,491
832,2,2,3,4694,4839,4.15,354
3079,2,1,2,3379,3374,2.15,314
4717,1,4,5,1227,1228,5.55,643
3462,1,5,1,3525,3530,4.72,375
1201,0,4,5,1032,1030,1.35,362
4391,5,2,0,1315,1314,6.33,501
3547,5,2,1,4312,4319,3.88,627
4922,4,1,4,1845,2002,5.23,246
2134,4,2,3,1443,1437,1.57,616
3451,2,1,3,813,816,4.17,178
2209,5,3,0,3568,3566,6.32,131
1901,0,1,2,907,915,6.35,139
1481,1,0,2,2813,2967,5.47,189
777,1,5,2,581,583,1.35,343
799,4,1,2,372,524,6.45,524
3714,4,4,1,2606,2614,6.93,337
3942,2,2,1,4145,4137,4.23,451
54,1,3,0,3260,3402,2.25,216
2972,0,0,4,2353,2349,1.03,304
3335,5,3,0,117,270,6.6,295
1920,4,2,0,1193,1195,5.27,103
3715,4,2,3,392,386,5.08,138
4646,3,5,2,4022,4021,1.2,236
946,1,3,0,4274,4286,4.55,456
1701,4,2,5,4512,4660,6.17,565
3293,0,1,5,670,664,2.35,337
2161,0,2,5,1024,1176,2.25,583
1136,3,0,2,569,574,4.57,171
987,3,0,3,2534,2529,1.03,341
2549,3,1,2,970,1125,3.33,457
193,1,4,2,985,986,2.72,240
3057,1,2,0,4768,4767,2.42,424
3246,1,5,2,3607,3599,4.17,649
1394,5,2,0,44,46,5.47,164
2637,4,1,0,2419,2577,4.42,328
768,2,4,2,4914,4920,3.75,612
4702,0,2,4,322,319,5.08,190
3090,1,5,2,4921,4930,5.0,150
3495,4,0,1,1092,1091,3.78,586
3215,5,4,2,4053,4051,2.88,502
285,0,3,5,4403,4408,2.32,618
4938,2,1,3,3653,3798,3.67,85
428,4,4,1,1570,1574,1.07,371
4448,0,5,3,4178,4180,6.02,567
2332,3,4,0,932,938,3.03,540
2717,5,5,1,3390,3386,2.57,196
2079,5,4,3,1588,1597,4.03,145
3389,1,2,1,2068,2063,2.28,605
722,2,2,0,1318,1315,3.08,403
951,1,5,0,1645,1654,1.33,368
4383,3,0,2,4391,4394,2.45,277
4366,0,3,0,2848,2847,4.05,421
2262,3,4,5,3512,3517,4.85,383
989,2,3,2,3259,3401,2.1,621
3212,0,3,1,3571,3567,1.03,365
1759,0,4,2,4307,4312,2.13,123
4579,3,1,4,1659,1667,5.93,365
326,4,4,0,3463,3597,4.48,542
2608,5,3,1,4671,4818,3.7,261
1383,1,3,4,2232,2229,2.42,378
1724,4,2,4,3384,3381,2.67,160
1086,0,5,3,3656,3645,3.83,622
2523,5,5,2,2212,2212,5.58,284
341,1,0,1,3017,3017,1.08,346
3701,2,2,3,805,808,4.2,514
147,3,5,3,988,994,6.95,435
688,0,5,1,1705,1705,6.93,181
3432,1,4,1,674,670,3.23,229
1107,5,2,1,3946,3952,5.5,392
848,4,4,5,188,184,3.15,181
966,4,0,2,1015,1022,6.9,316
4727,5,0,2,1546,1549,2.83,133
1492,4,5,3,4281,4441,3.58,402
3953,4,5,4,3006,3003,3.17,636
2203,3,3,0,845,846,2.03,107
2713,5,4,5,4032,4033,4.83,128
661,0,3,2,2153,2153,4.52,333
1002,0,5,0,1935,1924,1.9,555
62,2,5,3,2768,2772,1.38,493
284,4,3,1,2749,2756,4.83,251
2224,5,3,0,4828,4829,5.75,408
4706,5,0,2,3701,3699,1.33,317
1879,2,4,5,1003,1166,6.92,352
3572,1,4,2,3895,3900,5.58,247
4857,0,0,2,4552,4558,6.85,241
1203,3,1,5,2839,2841,3.68,248
1990,2,5,0,2286,2277,1.47,186
24,3,1,3,2233,2383,2.22,94
4852,2,2,1,2774,2779,3.95,287
4102,2,2,3,1210,1213,2.75,414
4167,3,1,3,1851,1849,5.97,501
762,1,2,4,4355,4359,5.15,167
875,1,3,5,508,513,4.72,266
4742,2,4,0,3051,3195,1.75,580
938,5,0,4,3101,3097,6.85,468
2687,1,0,5,3972,3975,1.85,126
3600,5,3,4,503,504,3.85,335
2394,3,2,1,3577,3720,2.88,202
4567,2,0,2,992,995,3.47,394
4980,4,0,5,1224,1223,1.13,553
4124,2,2,4,3237,3241,5.88,299
4564,5,0,4,4475,4477,2.97,647
385,2,5,4,473,473,3.67,236
3877,0,0,3,3262,3261,2.75,486
4370,4,3,5,3281,3281,2.55,470
4569,4,1,0,1155,1151,4.73,549
536,0,5,1,3913,3919,1.98,270
2291,1,2,4,3762,3767,4.57,83
4665,1,4,3,1667,1673,5.55,248
3874,0,3,5,1545,1550,6.55,382
936,2,5,3,2647,2650,6.78,390
3737,0,5,0,2683,2691,6.17,632
4728,0,2,3,972,978,6.95,109
2360,2,3,4,752,905,3.43,213
3507,3,1,5,1864,2017,1.25,350
201,5,1,3,220,217,1.93,253
3208,5,5,2,1927,2067,5.45,346
1332,5,1,4,855,856,3.47,314
3016,1,4,1,2557,2556,1.6,405
3502,0,4,0,3414,3412,2.68,433
2708,5,5,0,3874,3877,2.75,514
4021,3,0,1,3298,3301,4.6,466
1854,3,0,3,587,586,2.23,571
4469,1,1,5,3758,3763,5.0,259
2872,5,5,2,4515,4518,3.43,625
3030,5,5,0,3884,3888,1.87,315
1205,2,0,1,3950,4097,4.67,329
1645,3,2,5,3031,3171,5.75,503
3417,2,4,0,4301,4314,6.08,476
3476,3,2,5,2372,2522,3.8,364
2861,1,3,1,58,59,5.07,497
1792,1,5,2,3667,3657,3.47,625
3797,3,2,4,1133,1133,3.57,169
3368,4,0,2,4539,4547,6.83,491
3367,1,4,1,126,129,6.38,490
3533,1,1,0,1235,1234,1.92,111
3449,5,0,2,2448,2445,2.7,535
603,1,0,1,160,309,2.62,300
3056,3,0,3,1067,1066,4.88,453
4531,2,3,5,3708,3846,4.03,500
126,5,2,0,487,492,2.48,497
3876,0,5,3,3994,4142,6.8,639
2935,0,0,2,2842,2842,1.47,221
3531,1,0,5,1361,1353,1.72,298
2730,5,3,5,3075,3066,3.67,379
827,0,4,5,4283,4438,1.93,524
1639,0,5,2,3196,3200,2.75,273
984,3,4,0,1536,1537,2.85,556
3281,1,4,2,976,980,4.85,557
4971,5,0,1,1236,1379,4.57,258
2188,4,4,2,3018,3021,6.5,122
4612,1,5,0,2435,2590,6.88,242
2443,3,2,4,4577,4583,4.45,518
362,2,3,2,2036,2030,2.62,230
2349,0,0,4,2380,2381,6.05,400
345,5,5,4,890,897,2.2,119
814,3,2,5,3434,3433,3.87,156
3205,4,5,2,3593,3587,6.43,408
4160,4,5,3,3617,3608,2.1,91
4795,4,0,2,1214,1217,3.57,329
3325,0,0,2,4345,4350,5.95,581
4106,1,1,5,788,783,2.63,206
2116,3,2,4,4698,4693,6.72,344
1834,4,3,2,908,911,2.73,535
793,3,4,3,2087,2084,3.77,249
4946,5,4,1,893,902,6.48,541
2674,5,0,2,869,873,3.25,222
94,0,5,1,3971,3973,1.17,601
3756,2,0,4,439,437,3.08,193
2891,0,2,4,3386,3384,4.53,493
2371,5,2,1,4712,4711,5.9,650
4149,5,1,2,4082,4077,3.97,625
4432,0,4,0,3999,3997,1.4,136
3228,2,4,1,115,118,2.87,418
2853,4,4,0,4213,4220,5.33,625
2912,5,4,0,2450,2605,2.03,301
1865,5,4,0,196,356,5.77,619
1857,4,1,3,3565,3706,1.8,641
2645,3,2,0,3419,3416,4.12,379
2243,5,3,0,3726,3728,4.13,538
2336,3,1,2,449,447,4.35,548
950,3,3,1,4617,4766,5.22,452
3068,1,1,3,3297,3300,4.9,350
1120,4,4,2,1853,1846,1.63,494
2597,0,3,0,3104,3099,5.18,525
2204,2,1,0,3106,3100,2.35,475
419,2,3,5,2615,2620,3.07,536
922,0,2,0,3928,3932,2.12,138
1254,0,0,3,4676,4679,6.0,271
477,1,0,4,4625,4630,3.9,448
2035,5,0,5,1548,1554,6.87,560
1202,1,3,1,4681,4681,1.15,489
2626,5,5,0,3486,3494,6.9,462
4818,0,1,2,87,85,4.73,484
1970,4,1,4,696,693,5.3,540
3110,5,1,3,114,116,1.4,474
4018,0,4,2,29,31,2.17,89
2151,0,4,1,3646,3637,6.87,216
3687,4,1,0,391,385,3.52,291
1997,2,1,5,3410,3408,5.5,374
4033,1,1,0,3245,3249,6.27,576
3054,1,5,4,1848,2004,5.47,565
1248,3,5,1,1791,1786,5.33,385
2192,3,0,5,3504,3508,4.48,93
2712,2,1,0,2667,2675,3.05,80
992,4,4,5,1739,1736,4.23,151
2190,4,1,3,3839,4007,1.15,91
3762,5,0,2,2531,2534,5.65,233
3597,3,2,3,1081,1077,4.38,126
1318,4,5,0,716,711,6.02,160
1863,2,3,2,3875,3880,4.93,344
2343,2,0,5,2948,3087,3.07,612
2449,4,3,2,3418,3417,6.13,101
2136,1,0,5,3495,3635,5.18,646
1065,3,4,0,1009,1017,6.08,633
4960,2,5,3,4118,4275,4.37,529
2621,2,3,5,1670,1809,3.63,381
77,0,4,5,2035,2031,5.77,520
2898,5,3,1,1269,1276,6.55,328
1314,3,5,4,1418,1563,4.9,319
4372,1,5,3,305,459,5.92,613
872,2,4,0,2456,2454,4.63,373
3850,1,1,2,3921,3924,5.8,152
4787,5,4,2,2252,2240,2.42,167
2965,4,3,2,198,198,2.98,392
3391,4,2,0,2422,2419,2.4,577
2560,4,0,5,267,260,1.78,337
4896,5,5,0,3282,3424,6.85,203
2635,0,0,1,4433,4436,3.95,407
3530,4,3,1,3517,3521,5.83,189
375,1,1,5,276,271,1.53,498
1908,3,5,3,1520,1523,1.58,553
4332,4,4,0,1501,1503,1.38,572
4379,3,4,3,2364,2364,4.87,259
4027,2,2,5,3247,3250,5.07,577
1604,3,0,4,2794,2803,6.2,365
1118,3,0,3,778,778,5.48,126
3677,5,3,1,37,37,2.8,171
3490,4,3,0,3899,3903,3.8,576
4864,5,4,2,110,113,1.3,387
2958,0,1,0,3195,3199,6.63,463
1994,3,0,2,3739,3905,6.38,210
4955,1,4,0,3436,3432,1.63,516
4355,4,3,4,1362,1355,3.53,139
2376,4,5,4,609,606,2.37,607
1342,3,5,4,2109,2108,6.17,576
320,2,3,1,2608,2613,1.48,255
1619,2,0,5,747,745,4.62,310
3713,5,0,5,4786,4784,4.57,471
2060,2,3,4,4044,4192,4.52,399
2219,0,2,1,3733,3735,4.45,429
1673,3,1,2,183,183,6.33,366
260,2,1,2,3814,3817,6.17,495
4417,1,1,2,2026,2165,1.13,584
2039,5,0,5,1643,1655,3.78,383
901,1,5,1,3520,3659,5.88,336
3744,1,5,4,4620,4626,2.72,494
2026,5,4,3,1293,1293,1.73,101
1917,2,5,2,1706,1704,4.13,637
1828,4,3,1,1764,1917,2.57,306
1573,1,2,1,2632,2635,5.67,325
4394,3,2,0,2289,2280,3.5,103
4208,5,4,3,2272,2263,4.17,526
224,2,2,3,4740,4739,4.07,264
723,5,5,4,2256,2249,6.68,435
4485,5,3,0,1881,1876,1.85,114
1141,5,3,2,630,625,1.67,532
2762,2,3,4,3171,3170,2.23,622
846,1,1,0,92,242,6.08,395
2551,4,3,5,1911,1903,3.68,636
2928,3,3,2,931,937,3.98,255
117,1,2,1,4955,4960,2.67,138
645,2,2,3,4146,4138,3.82,478
3,2,5,1,691,843,2.52,474
4170,3,1,3,258,251,1.37,512
467,2,4,5,2945,2944,1.25,637
5,0,3,5,2657,2662,4.85,291
919,2,5,4,4368,4374,3.05,158
2595,3,2,5,3995,4143,6.77,234
1063,0,5,1,1071,1071,5.18,437
2590,3,5,0,4933,4941,2.12,541
242,5,1,2,3090,3083,5.95,494
1160,2,4,1,2489,2483,6.62,386
2870,4,4,1,2096,2091,2.1,337
3735,0,1,5,2383,2380,3.82,360
2397,0,5,4,1233,1233,2.12,620
3517,5,4,0,2319,2317,6.27,172
3421,4,0,4,1918,1911,5.25,229
2563,5,2,1,2925,2927,6.07,346
1605,3,1,4,4792,4789,2.02,329
4828,3,2,3,4594,4600,5.5,583
2324,1,1,5,3788,3794,5.65,321
2709,1,1,3,1347,1340,5.4,252
4398,2,1,2,2920,3071,3.02,564
1312,0,4,0,3191,3194,3.57,562
3448,5,5,1,1733,1730,5.33,169
3812,4,2,0,363,358,1.47,391
4655,5,2,5,1980,1965,1.5,267
2362,1,3,1,1142,1143,2.65,638
1975,4,5,1,1794,1788,3.17,531
3514,4,0,2,3518,3523,3.65,396
1761,0,3,2,3654,3642,4.57,189
2739,1,2,5,4051,4050,3.28,634
4844,1,0,4,1956,1947,1.33,485
2472,0,0,1,1035,1035,6.12,105
4007,4,2,3,708,859,2.45,123
1493,5,3,0,2691,2696,2.0,200
4206,4,0,4,4609,4617,6.73,615
2158,2,2,0,1895,1888,2.68,542
1169,3,3,0,1020,1024,2.6,509
4516,3,3,0,1919,1907,1.22,263
232,2,3,2,4040,4043,5.58,242
66,0,1,5,3385,3383,4.88,528
1603,1,0,5,4719,4718,6.27,541
3283,3,2,0,4064,4062,5.32,338
3596,4,2,4,4953,4957,1.38,141
125,5,5,2,1557,1721,6.15,561
1296,5,0,1,1798,1790,1.05,404
1976,5,2,4,4642,4794,2.98,538
4517,3,5,0,4907,41,4.05,400
4481,2,1,3,2174,2175,3.97,299
2075,5,1,3,4249,4258,1.4,234
3086,5,0,1,2932,2933,1.83,207
4345,1,5,2,3745,3744,2.08,84
3345,3,4,1,2125,2126,1.48,184
4464,2,1,2,145,150,5.45,492
2797,1,2,3,1753,1751,6.28,544
918,0,1,2,195,191,3.82,518
1646,0,2,3,4776,4774,3.23,359
364,0,1,3,1564,1572,6.8,501
3287,1,2,3,2362,2363,5.37,97
2125,3,4,2,4014,4015,3.95,312
4123,4,1,4,2390,2386,3.92,532
525,3,4,0,3375,3371,3.3,627
55,1,0,2,879,883,2.08,153
638,3,3,2,1959,1951,5.97,80
302,4,4,3,2254,2247,6.43,150
2766,3,2,1,1471,1631,4.93,613
1276,3,3,1,4432,4435,4.07,240
2055,3,1,4,3522,3660,4.78,456
3644,3,1,5,4270,4280,5.17,295
4143,2,0,5,978,1134,3.43,251
2878,3,0,3,4773,4773,4.85,240
4202,1,0,3,4612,4616,4.25,463
2286,3,3,5,1215,1362,3.95,216
2261,4,4,2,3861,4024,3.52,605
2296,0,1,4,4873,4873,1.85,331
1753,0,1,2,1461,1463,5.1,175
1968,5,0,2,4643,4796,6.03,447
4351,3,3,4,4772,4772,5.38,470
3117,4,0,4,3278,3278,3.82,281
2393,3,0,4,2588,2594,5.32,92
523,2,1,3,2522,2520,2.53,235
3900,3,1,0,1583,1588,4.65,282
3122,4,2,3,2559,2561,5.75,598
4156,2,3,0,564,565,1.57,649
1969,4,3,0,2582,2587,5.67,330
671,5,2,5,451,450,2.47,265
4188,4,0,4,527,533,3.75,537
666,0,4,1,435,434,5.77,375
4338,3,0,4,2184,2184,5.83,565
1887,1,1,0,535,541,3.58,409
3266,2,5,0,920,926,1.45,88
280,3,4,5,3898,3902,3.42,236
1719,3,2,4,1074,1073,6.75,592
2947,2,1,5,3455,3457,6.03,577
899,2,2,5,3548,3691,5.37,644
4850,0,2,0,4785,4783,3.67,207
760,0,5,2,1409,1403,3.13,216
1906,2,3,1,3286,3288,2.22,354
4042,4,1,2,3321,3320,1.08,573
3823,4,3,4,3748,3748,4.7,82
4138,4,1,2,1757,1757,6.73,624
3818,5,4,5,914,1069,3.82,613
4300,2,3,5,2228,2227,4.82,451
2593,1,3,4,4030,4031,3.9,645
4164,1,0,3,4325,4331,2.35,563
3031,5,2,0,4153,4152,6.55,103
3579,2,1,3,3011,3011,6.2,331
2832,4,3,0,2795,2804,1.68,320
3472,1,4,2,2681,2685,1.0,552
137,3,1,2,2665,2671,2.47,567
2180,4,4,1,3490,3498,5.08,568
2128,2,2,3,1440,1434,3.85,159
3177,5,4,3,4075,4068,1.38,398
4367,4,5,1,264,259,3.15,345
4261,0,3,2,888,895,2.8,178
4344,4,1,3,2484,2480,1.3,640
1331,5,1,0,2160,2160,6.62,172
2017,2,0,3,2340,2495,3.78,218
2482,1,0,4,3655,3644,6.18,313
1358,5,0,5,4313,4468,6.33,617
1329,5,4,0,662,655,6.02,312
2150,4,1,2,4959,4967,6.18,223
2122,2,0,1,1642,1653,1.73,585
3981,1,1,5,1843,1999,6.0,321
1252,5,2,5,983,985,3.28,567
3278,0,2,4,1188,1187,1.97,125
3374,5,4,2,727,882,6.17,446
2814,5,4,3,3630,3622,1.92,596
1848,4,0,2,3795,3800,5.22,571
3037,3,3,4,1700,1844,6.72,287
388,2,0,3,4748,4748,5.92,103
235,2,3,2,3353,3354,6.25,130
1077,4,1,4,3623,3615,2.4,601
1984,1,4,1,4063,4209,3.75,146
4363,4,1,5,4261,4269,2.07,243
3962,0,3,2,3369,3361,1.48,533
770,0,2,0,3575,3725,6.58,544
2165,0,1,3,3974,3978,3.0,592
673,3,1,4,2568,2571,3.72,316
249,0,0,4,2921,2923,5.6,436
1574,1,3,1,827,826,5.88,398
3419,5,4,0,1231,1230,1.7,218
2081,3,3,1,2563,2565,3.82,387
1823,2,1,2,3203,3206,1.55,604
716,5,4,5,3349,3347,4.92,391
4668,0,2,1,1880,1875,3.23,89
2048,0,3,4,604,604,3.35,343
4178,4,1,4,2653,2805,6.57,452
2724,5,5,2,3632,3771,4.45,499
4521,4,2,0,2674,2680,5.47,124
1460,4,5,3,4377,4540,6.23,191
1668,3,1,3,2581,2584,3.48,180
2756,2,2,3,59,62,6.62,257
2000,5,3,2,591,589,1.72,226
404,0,4,2,3319,3323,4.72,472
384,2,1,2,1265,1271,4.72,559
4535,5,1,4,364,361,5.67,347
2152,3,1,0,170,331,4.75,588
1633,3,5,0,4529,4533,5.1,353
4586,2,5,0,4683,4685,5.82,81
3925,2,2,1,3919,3922,3.82,426
4158,3,0,4,971,974,2.27,552
223,2,1,2,2371,2368,1.15,197
2193,2,2,1,1951,1945,4.08,632
3136,3,5,3,2219,2218,3.58,346
1824,0,0,1,4763,4900,5.67,604
4600,2,3,1,2717,2729,6.22,101
797,4,2,1,3035,3031,2.65,467
2871,2,1,2,4909,42,4.52,625
9,1,2,4,1381,1378,1.95,281
1944,5,2,3,4875,4876,2.75,528
1838,1,4,0,1308,1460,6.17,631
255,1,1,3,3468,3470,1.63,411
4508,0,2,4,1727,1726,6.47,417
1581,4,1,0,4164,4162,4.57,420
2956,0,4,3,1787,1779,1.08,558
924,1,3,2,2897,2896,1.47,438
4429,0,3,1,1955,1946,2.12,442
2508,4,3,1,3694,3832,4.33,534
3775,4,4,3,1915,1905,3.33,624
4136,2,2,4,957,961,4.98,628
2779,2,2,0,938,1100,5.03,587
539,1,4,0,2226,2222,5.55,200
2745,3,3,5,4016,4016,1.28,524
4498,0,5,3,376,371,5.75,345
4571,3,4,1,1201,1349,2.63,525
1145,2,2,4,1130,1131,4.77,338
667,2,5,3,3783,3788,2.87,90
3019,5,1,2,2727,2859,2.0,171
357,0,4,3,2243,2395,6.0,354
2831,3,1,2,109,109,1.5,189
2783,3,1,3,3092,3086,4.75,250
1353,3,2,1,2612,2618,5.8,554
470,4,2,0,2242,2392,6.12,324
2703,2,4,5,3853,3858,1.42,185
3330,0,5,4,4254,4265,4.53,537
3637,3,0,1,3549,3689,3.75,344
1396,5,1,4,3690,3685,3.77,521
3584,0,4,1,4557,4563,6.68,284
4486,5,0,4,3311,3314,5.83,148
3376,3,5,0,2429,2423,1.93,216
1256,4,4,5,3054,3051,5.05,542
3512,0,1,2,3129,3127,2.2,156
1250,5,0,1,4060,4207,3.5,100
4807,3,3,1,2750,2757,3.72,159
4298,4,4,1,3685,3679,6.23,596
3284,4,2,3,4077,4073,2.53,535
2933,3,2,4,4483,4486,5.4,368
4175,3,2,0,2382,2379,3.15,330
1852,5,1,0,102,255,5.35,599
4869,1,0,3,3052,3048,5.02,329
2105,2,0,3,2391,2385,1.0,369
133,2,3,5,1942,1932,2.08,474
928,4,5,1,3451,3450,1.25,385
823,5,5,2,2583,2586,3.53,436
4543,2,3,0,4602,4606,3.25,515
1531,3,3,0,4437,4442,3.17,251
1214,1,2,3,1387,1385,3.52,150
504,2,1,0,4423,27,2.17,585
4285,4,2,5,870,872,3.22,526
1996,0,3,1,1929,1920,4.12,167
3072,5,2,0,324,325,5.95,333
1958,2,3,0,1165,1160,5.62,348
1384,3,5,1,1398,1396,6.18,441
894,3,3,4,2762,2909,5.47,558
455,3,2,5,4449,4453,5.33,523
4879,1,2,1,3266,3266,4.67,649
3709,5,3,2,3578,3723,4.27,514
4618,3,1,4,3775,3778,1.95,565
4268,0,2,3,3229,3236,6.65,312
3522,3,5,3,4389,4393,3.15,432
4134,4,3,0,49,195,6.38,355
3602,4,1,2,1920,1908,1.33,640
713,3,5,1,3903,3908,3.82,275
4186,3,3,4,4278,4288,4.53,183
2214,3,2,0,2878,2876,2.93,166
2923,5,1,2,3355,3350,3.9,489
1810,1,4,2,3717,3713,1.32,646
3486,1,2,1,1778,1772,4.27,422
3141,3,1,0,4613,4618,5.53,370
1827,0,2,0,2205,2204,2.43,446
1155,0,1,2,1632,1781,5.92,330
1324,4,1,5,612,609,1.3,449
4312,3,2,5,70,70,5.8,156
510,0,2,3,1742,1739,4.65,509
1680,4,3,4,2367,2367,5.55,494
499,0,0,2,1703,1702,3.1,167
4536,4,4,5,1728,1727,5.88,241
1856,1,0,1,902,910,5.75,228
1388,3,2,4,3664,3652,2.72,612
3719,1,2,5,408,407,2.88,459
2386,4,4,2,2425,2420,2.23,324
3236,1,1,3,73,76,6.07,426
1540,2,5,3,1734,1882,3.03,630
1217,4,2,1,4340,4498,5.88,647
2681,0,1,2,2752,2759,2.82,513
2993,4,3,5,531,538,1.4,384
1191,3,5,3,3036,3032,6.18,320
1542,2,4,5,4388,4392,3.15,398
3301,2,5,1,4460,4465,6.53,236
3324,2,5,1,688,685,2.35,476
2539,0,3,2,300,293,1.25,227
953,1,5,2,180,176,1.27,547
4330,1,0,5,3325,3328,2.77,454
732,5,0,4,2702,2708,1.42,399
1156,4,0,3,2777,2920,1.98,140
3294,3,4,5,525,532,4.15,273
2982,2,1,0,2580,2581,1.45,271
2156,0,4,5,1314,1310,1.0,100
1062,5,0,4,798,800,4.3,294
2616,5,5,3,3711,3709,2.27,181
1167,4,1,0,4383,4388,3.65,203
3222,1,1,4,1921,1910,2.83,190
3636,3,1,3,1106,1107,5.58,105
2938,3,1,0,1715,1713,6.18,386
4491,3,1,5,4092,4086,5.92,570
3140,5,4,5,4357,4360,2.98,616
143,5,4,5,2323,2321,4.67,408
3577,5,4,0,3778,3782,2.58,627
2782,2,2,4,4327,4334,5.32,102
717,2,3,4,4364,4369,2.82,309
1819,3,3,0,4479,4482,3.85,93
2502,2,4,2,2912,2910,2.23,477
4360,5,5,3,1427,1420,6.2,349
4171,0,5,3,2118,2122,4.87,359
395,1,0,1,450,451,4.92,228
4836,2,5,4,2940,3081,6.52,276
4492,5,2,0,1241,1240,5.13,476
1365,0,1,5,2387,2544,5.75,260
4558,2,5,4,3966,3970,3.27,313
595,4,4,2,2576,2580,5.62,419
3952,1,5,3,2260,2250,1.07,486
2914,0,3,1,3791,3796,3.2,386
2326,4,3,2,840,840,5.25,553
3766,4,0,4,2159,2159,4.92,198
3440,1,2,5,1475,1479,2.82,242
3851,0,4,5,4665,4672,3.82,269
4132,4,0,4,2510,2646,4.0,372
4591,3,0,1,3400,3397,4.5,193
2143,1,3,2,4418,4420,5.6,308
1571,3,1,3,2177,2174,1.25,268
4079,1,1,0,3109,3107,3.43,498
1122,2,4,1,2865,2868,6.02,288
2786,3,3,1,1874,1869,2.15,360
2967,5,3,1,3097,3093,5.93,81
2504,4,2,1,3831,3840,3.8,509
3465,1,2,5,1158,1152,3.3,540
675,1,4,3,2176,2177,6.0,572
2808,0,0,3,636,632,3.57,397
3348,4,1,3,1079,1078,6.2,106
728,3,3,0,3239,3243,4.42,151
412,1,1,5,4916,4922,6.85,408
3146,2,3,5,1844,2001,4.5,307
1516,5,5,1,1256,1263,6.87,299
825,4,0,2,308,302,3.63,554
3267,1,2,3,1490,1491,2.95,209
3974,3,0,3,68,69,6.68,175
616,4,1,2,4831,4828,1.42,367
114,2,2,1,4101,4092,2.83,566
417,0,4,5,4554,4706,3.87,230
3069,0,4,0,1890,1884,5.52,452
1625,1,4,5,333,482,4.32,156
4950,0,1,0,3117,3116,5.53,549
4185,5,1,2,1082,1081,2.32,512
2896,3,5,4,2864,2863,2.43,490
4671,0,1,0,4516,4521,6.22,97
2082,5,0,2,3304,3306,4.67,101
753,5,2,5,3042,3037,2.78,388
2546,0,2,1,1344,1336,1.45,110
3969,1,4,3,2701,2709,5.55,82
3373,2,5,3,969,1126,5.87,370
4107,0,0,5,2501,2497,1.38,438
2444,1,0,1,2872,2872,5.33,233
4380,5,2,1,2360,2361,3.47,154
1066,1,0,2,2604,2610,3.92,452
3913,1,0,4,873,878,6.28,495
3498,4,0,3,2539,2537,1.17,456
2738,5,2,3,1300,1301,4.22,145
4000,1,3,2,1476,1480,3.97,378
1568,4,5,0,2829,2832,4.38,362
2427,2,4,5,1673,1679,6.08,508
3746,3,1,2,2959,2958,1.12,163
4639,4,4,3,1899,1894,4.48,528
1687,5,5,0,2037,2032,5.78,170
851,4,1,3,2179,2326,3.0,166
3546,5,2,4,2629,2781,2.15,287
895,0,3,5,3502,3507,6.33,465
4592,2,2,4,278,273,1.62,101
335,1,0,1,2916,2914,1.78,373
2839,3,5,1,3561,3557,4.57,431
3087,5,4,0,4218,4227,1.72,507
1348,0,1,3,4323,4330,3.22,645
1015,5,3,4,2668,2673,1.73,562
2816,1,1,4,1836,1840,6.58,307
1631,0,4,5,2731,2738,2.93,208
2489,5,2,4,1151,1289,3.13,311
3730,4,3,2,4741,4741,3.45,486
3251,2,4,2,1963,2098,3.57,151
4634,1,0,4,2437,2591,6.65,179
2070,0,0,4,4666,4673,3.62,357
4452,2,2,1,3724,3727,6.15,625
4882,1,3,1,1376,1370,1.7,101
1635,2,1,2,3048,3045,4.53,443
2479,3,3,0,2803,2811,5.25,643
2265,2,1,3,2134,2134,3.73,313
2959,1,2,1,2086,2083,6.57,568
4731,2,2,4,237,235,1.85,194
3059,3,4,0,2458,2457,5.47,154
2141,5,5,3,3636,3629,6.03,341
3118,0,0,1,3975,3979,4.25,422
4725,4,2,5,1289,1447,5.28,533
4045,3,3,4,779,777,3.67,300
3356,0,3,1,3784,3789,6.2,258
2744,0,2,0,681,681,5.98,328
3506,3,1,5,1160,1157,3.67,470
1679,5,1,4,2523,2657,5.63,507
4249,5,0,1,89,86,3.55,616
3147,2,0,2,2513,2511,3.58,534
2294,0,4,0,3046,3041,3.48,204
580,5,2,0,3475,3479,3.07,497
1470,5,3,1,71,71,4.62,569
4070,1,2,4,2049,2042,2.42,644
3343,4,3,1,495,638,2.07,284
4583,5,0,2,2436,2434,5.87,304
3672,5,2,0,967,969,2.18,190
559,3,3,5,2988,2985,1.33,432
2849,4,4,0,4335,4341,3.38,221
512,3,4,0,1388,1387,5.42,196
1081,4,2,4,3855,3862,4.33,504
1664,3,5,3,849,850,4.55,216
1012,1,2,0,105,110,6.43,479
1931,4,5,1,4845,120,6.57,508
1150,4,0,1,3683,3677,3.37,155
2838,4,1,0,1801,1801,2.9,517
116,4,5,1,4667,4671,1.6,110
740,1,4,2,1810,1968,5.82,237
4806,0,3,2,2781,2787,3.2,431
3675,2,3,5,750,907,5.93,360
830,0,4,1,2737,2744,2.2,166
119,0,1,4,433,432,4.5,264
4853,4,3,1,2044,2039,4.27,450
4738,3,1,4,3494,3634,3.83,337
635,1,4,5,1638,1650,5.9,426
4465,2,0,2,3077,3070,6.8,414
4364,2,1,0,2599,2748,5.98,255
4142,0,3,0,3769,3773,5.73,224
991,4,1,0,1805,1804,5.37,386
876,5,1,2,311,304,4.62,240
4,3,5,0,2700,2707,4.9,174
3051,2,5,4,448,446,4.08,438
3124,5,4,5,1190,1193,6.12,265
2660,1,0,3,2110,2109,6.08,92
2491,1,1,3,4862,4863,2.15,151
3854,3,3,5,1283,1285,6.63,518
1715,1,4,5,1516,1517,1.83,330
1148,1,4,0,598,747,5.38,301
3261,0,0,3,900,1055,2.62,419
574,4,2,5,292,287,2.8,455
3769,1,4,2,4410,4578,6.02,168
3736,3,4,0,2334,2336,6.68,290
4146,0,2,4,1797,1792,1.63,378
853,0,4,2,1057,1203,3.32,118
1982,2,3,4,1433,1433,6.52,581
2774,5,0,2,3163,3159,1.13,159
1166,3,2,3,724,879,5.73,495
971,0,1,0,136,137,3.67,93
2701,3,4,5,4576,4582,6.8,343
4495,2,2,1,1505,1507,3.48,219
3847,5,5,1,4626,4632,2.27,231
2368,5,1,4,3510,3515,5.63,263
4115,5,4,3,2542,2546,4.57,557
4131,3,5,0,228,229,4.13,503
2950,2,3,1,540,544,1.32,485
524,5,5,2,119,124,6.05,121
2455,4,1,2,719,712,3.98,383
1841,4,3,0,1088,1090,6.45,599
537,3,0,1,4012,4014,6.48,125
2806,5,0,5,2193,2189,1.05,80
4341,1,3,2,1411,1407,3.68,486
3175,0,3,1,4114,4107,4.28,135
784,1,1,0,2516,2517,6.43,382
4057,4,0,4,4302,4311,4.47,108
1409,5,5,1,4086,4080,3.42,549
2537,0,2,5,1846,2000,3.17,525
154,3,4,5,547,705,4.55,172
3009,2,0,1,4272,4282,5.75,122
1686,4,5,3,3759,3764,5.33,410
2901,5,0,4,3800,3803,6.82,437
4949,0,1,3,2440,2591,1.78,352
3863,5,3,5,3174,3176,6.42,391
2733,5,0,4,3079,3226,4.3,427
1895,5,4,3,3459,3462,5.47,466
569,4,3,2,2315,2306,1.13,253
1816,2,3,4,2827,2986,6.47,185
2065,2,5,3,1122,1122,4.82,431
127,4,0,3,1657,1660,1.7,391
3394,4,2,1,2477,2471,3.25,86
3327,2,1,5,2348,2351,5.92,193
4986,1,1,0,822,823,6.78,573
2975,1,2,0,1131,1130,3.37,92
980,2,1,0,4528,4530,1.98,328
2300,4,3,5,4477,4481,3.63,330
190,1,4,0,1538,1540,2.75,335
1139,3,5,1,2876,2874,3.52,517
699,2,2,5,168,330,5.07,219
4780,3,5,0,2746,2751,2.65,106
606,0,3,4,2597,2747,6.2,145
4276,1,3,5,1436,1432,4.0,96
301,0,1,4,1252,1254,5.0,496
3420,5,5,3,332,328,3.42,129
4820,3,5,2,174,175,5.13,353
1060,3,5,1,2537,2539,6.73,375
2565,1,5,2,1394,1536,6.85,323
4994,5,3,1,4398,4400,1.05,389
1069,0,2,4,3352,3352,6.63,243
2524,3,2,5,3765,3769,5.18,550
2205,1,3,5,4771,4771,4.23,349
1243,1,1,3,2741,2882,6.7,263
16,5,0,1,2217,2215,2.38,509
3120,4,0,3,560,564,3.45,418
4642,2,2,1,216,216,3.8,259
815,0,2,1,2065,2061,6.47,338
3067,2,5,4,507,511,3.77,287
4784,1,2,0,4266,4426,3.72,544
959,0,1,2,490,496,6.22,425
225,5,2,4,4372,4379,3.9,396
3354,0,5,3,4684,4687,5.08,259
2485,5,5,0,3924,3928,5.23,366
562,0,2,1,2181,2179,1.43,554
3436,0,5,2,1758,1754,4.45,253
1693,2,2,1,12,13,5.13,395
1045,0,5,1,4721,4860,2.1,393
3446,5,2,0,4258,4270,4.8,120
4565,2,0,2,4700,4694,3.58,391
954,4,1,5,2237,2234,4.92,391
4985,3,4,2,1096,1095,1.88,92
2735,1,0,3,2965,3104,6.77,193
4903,1,5,1,1050,1048,6.67,161
4735,0,0,3,2265,2256,5.5,599
4823,3,5,2,3998,4001,6.57,446
1218,5,3,2,4926,4933,1.23,374
1527,5,1,4,3768,3776,6.78,207
3987,3,1,3,88,87,4.73,280
1300,1,4,1,4938,4946,5.2,90
4891,3,3,2,1687,1685,6.58,485
160,0,1,2,1113,1112,1.08,287
4067,5,2,3,2010,2006,2.2,106
956,5,2,1,1218,1364,5.68,364
3791,0,1,0,2715,2722,1.63,481
3234,3,4,2,2579,2582,3.03,619
2869,2,2,5,4027,4028,4.2,338
3777,1,2,0,1281,1284,6.73,387
4433,3,3,2,1417,1561,3.92,260
2961,3,4,2,3292,3296,6.22,257
2200,5,2,5,4641,4793,2.12,515
98,3,4,3,619,616,4.87,391
2557,5,5,0,2836,2996,1.48,353
3183,0,0,1,2048,2197,6.87,365
253,4,3,4,4954,4961,5.05,377
3923,4,0,4,1689,1688,4.17,425
4199,4,4,3,735,731,3.72,89
1445,4,4,2,3318,3322,4.82,373
1648,4,2,1,4019,4018,3.13,271
4682,5,0,5,3652,3797,6.52,492
4723,3,0,4,3034,3174,6.78,252
3991,1,0,5,4233,4405,4.73,540
1696,3,2,1,4256,4264,1.5,369
3191,5,2,3,2914,2915,5.67,336
4499,2,2,3,1196,1197,3.45,352
1154,4,1,5,78,77,2.15,95
2255,5,4,1,4328,4337,5.92,359
1682,4,4,3,2775,2918,4.73,523
3170,4,0,3,509,512,2.08,347
2056,2,0,3,3148,3147,6.95,400
4090,0,3,0,1360,1354,4.97,399
3108,4,1,0,4068,4065,2.52,423
4548,0,4,3,2165,2310,5.53,402
3723,4,0,5,3015,3153,6.2,557
2049,2,1,4,4811,4811,2.9,615
3643,4,0,3,3843,3848,2.95,190
4927,1,5,3,3996,4144,6.48,310
623,2,3,4,601,600,4.52,599
262,1,4,2,4633,4640,1.3,231
3369,1,1,5,1615,1621,1.67,265
4061,5,4,2,1150,1287,2.48,223
1802,2,0,5,4367,4528,5.4,172
4736,1,3,1,729,723,2.22,403
4992,3,0,3,861,865,5.18,509
2385,5,3,4,2823,2826,2.3,307
1959,3,0,2,895,899,2.33,143
2976,2,5,0,3348,3345,2.53,438
488,5,1,5,4007,4155,6.27,294
1843,4,0,5,4028,4029,4.55,408
1734,2,3,5,2528,2531,6.05,137
2911,3,2,3,401,394,3.65,113
3219,1,1,0,935,941,1.85,454
146,5,4,1,3395,3392,5.13,455
1986,2,0,4,3912,3918,2.07,603
1369,1,1,4,3661,3649,2.77,155
2811,2,0,1,4716,4714,4.22,451
659,4,5,0,342,337,1.92,242
1794,3,3,5,1413,1408,1.73,463
2511,3,3,1,1028,1028,5.38,537
3397,4,4,1,3904,3910,2.5,325
4282,3,4,1,1577,1583,4.43,578
1147,5,0,5,2980,2978,4.03,208
3272,2,5,0,4690,4689,3.53,530
608,2,5,2,93,92,1.68,151
3582,3,1,4,1251,1253,5.12,539
1930,1,1,4,3824,3829,5.02,321
197,1,0,4,3178,3179,6.85,114
2931,0,0,4,3503,3509,5.72,470
2327,5,0,5,4415,4416,5.7,332
4389,0,2,1,4827,4826,4.07,153
766,4,4,5,3844,3853,5.15,540
4496,0,2,5,933,939,5.63,380
4218,5,2,0,3938,3944,1.77,247
3255,0,1,4,2114,2113,6.33,342
202,2,4,5,2994,2992,5.47,80
3510,4,5,3,2157,2158,4.53,409
1733,4,1,2,2358,2507,3.85,575
2777,1,5,0,1539,1542,3.85,584
1707,3,4,3,2584,2585,2.7,297
3474,5,0,3,3741,3907,6.8,534
854,2,2,3,2431,2426,1.45,507
4737,2,4,2,3560,3558,6.35,136
4097,0,5,4,355,352,2.4,528
2160,5,0,1,820,975,6.25,268
698,4,3,5,4238,4243,1.93,584
4947,3,5,4,2671,2674,1.4,489
2999,3,5,1,1735,1731,1.1,610
3696,4,3,1,3540,3541,1.55,622
1636,4,4,3,2744,2750,4.78,156
3457,3,4,3,3786,3791,3.98,257
3581,3,0,5,1468,1471,1.35,265
1291,3,3,5,1177,1173,1.95,424
4659,1,2,5,698,691,1.43,552
1853,1,3,0,3484,3487,1.53,457
3763,1,5,0,3936,3941,1.13,241
3304,1,1,2,1613,1619,3.0,85
4912,5,1,3,4743,4743,6.7,301
3743,4,4,3,1513,1515,3.88,509
3445,5,4,5,1034,1033,3.03,550
1998,0,4,0,2420,2575,1.98,212
663,2,3,4,2893,2894,1.52,107
4779,5,5,3,1886,1880,4.25,514
3748,2,5,1,4855,4858,4.73,257
4413,0,4,5,2551,2683,2.98,129
4744,1,2,1,2967,3103,4.8,218
709,3,0,1,981,982,2.4,215
1282,5,2,0,1498,1502,5.77,94
2675,1,4,3,2769,2777,5.0,183
4029,1,3,5,2564,2566,1.13,349
1306,5,2,0,1527,1528,1.83,332
2237,3,1,2,1230,1232,4.52,279
3302,0,4,3,4407,4413,5.03,323
2038,2,5,4,4815,4814,5.33,232
1529,4,1,2,2175,2176,5.17,313
1663,3,0,5,2879,2880,4.97,320
4934,1,1,5,4714,4713,4.38,539
4953,2,2,5,2895,3046,5.73,614
3627,4,0,3,4757,4758,5.43,386
2693,3,3,0,4024,4027,6.08,503
3060,1,1,5,1541,1544,5.38,413
1597,4,3,4,1276,1424,5.63,407
2729,1,2,4,1560,1565,1.05,179
2625,2,2,0,2469,2466,3.8,434
3157,3,2,1,4881,4884,4.88,288
3314,0,4,2,398,391,4.58,347
1722,5,1,3,4925,4935,6.03,182
1059,0,4,1,2773,2919,6.05,497
4636,3,0,2,1332,1327,3.25,192
3242,5,4,0,3216,3222,5.48,124
1678,2,3,4,2692,2700,6.53,630
1757,1,1,2,79,78,1.1,408
4191,5,1,5,1549,1553,4.35,167
563,4,5,1,894,898,3.38,219
2790,4,5,0,2416,2414,5.9,415
863,4,5,0,3602,3592,2.52,445
1484,2,4,2,1285,1444,6.22,137
206,4,3,4,3155,3317,2.65,545
4488,0,5,0,2889,2886,3.13,129
870,0,1,4,254,248,1.9,522
4493,2,4,2,1635,1782,5.3,333
502,3,3,0,3061,3207,3.07,250
1028,0,1,3,2863,2865,4.67,480
3840,3,3,0,1533,1701,6.97,179
2690,3,5,0,4805,4807,5.42,170
1570,3,5,3,4148,4146,3.83,165
2773,2,0,3,4147,4306,4.87,335
2731,3,3,4,1153,1148,3.35,116
804,5,3,5,2663,2669,4.32,315
3645,5,0,1,230,227,2.2,267
2454,0,1,0,3374,3372,5.9,561
4598,5,2,1,1863,2018,6.12,412
3104,1,2,5,1558,1560,2.75,343
4875,0,2,0,1719,1718,6.28,539
200,1,4,0,758,751,2.0,315
3099,5,4,0,4484,4485,4.02,488
2278,4,1,5,3877,3879,1.32,241
3561,3,0,4,1061,1058,2.25,603
4474,4,4,2,2987,2982,1.92,549
4514,0,2,0,2009,2003,3.73,368
391,4,3,4,2211,2209,2.6,387
1495,1,4,5,4533,4538,5.28,161
2695,0,5,4,4526,4532,4.75,509
2027,4,0,3,842,842,5.47,217
2568,1,1,2,4341,4499,5.5,593
64,1,0,5,384,379,5.87,176
3884,5,2,4,2843,2844,3.1,194
2062,1,0,4,517,518,1.18,180
492,0,4,3,1624,1634,5.93,576
379,0,3,1,3674,3663,1.65,464
4859,3,1,4,5,5,6.72,204
3993,5,5,0,2734,2739,2.12,583
4887,5,2,1,4089,4083,4.03,471
1076,1,2,4,2810,2965,5.62,168
878,4,2,1,4087,4240,4.9,80
337,3,4,2,4764,4901,3.98,384
1016,0,3,1,3089,3082,5.18,183
1275,2,4,2,4342,4347,5.55,126
3798,5,0,4,69,67,3.73,271
4551,2,3,0,4424,4428,4.32,198
3342,0,1,4,1033,1032,3.47,245
4911,5,3,0,1277,1423,4.27,554
995,4,5,4,999,1004,4.33,232
1981,0,4,1,3456,3459,6.05,177
4297,4,5,0,2121,2121,1.7,604
161,4,4,5,3272,3271,3.0,376
4798,2,4,0,590,590,6.63,374
1500,2,3,4,2949,3088,3.92,465
3843,0,0,1,502,502,2.88,532
2613,2,4,0,122,126,5.95,207
3461,1,0,3,3897,3901,4.12,373
1021,1,1,5,3807,3809,1.23,85
3073,2,5,2,4151,4148,4.97,448
3943,5,5,1,4500,4503,2.63,287
1585,2,2,5,215,212,1.77,105
1955,1,4,5,2169,2309,2.98,475
3152,4,0,1,1912,1902,1.38,128
34,5,2,3,3471,3613,2.32,84
4014,5,3,2,2941,2940,5.0,219
775,0,3,0,3458,3460,3.3,151
2556,5,0,2,4486,4490,6.8,438
1478,2,4,1,3523,3524,1.03,628
1363,5,5,0,4149,4147,5.9,169
2612,3,4,0,791,789,2.55,406
2824,5,0,2,694,689,4.0,401
2041,2,4,1,4234,4241,3.43,157
241,0,3,0,2690,2695,1.5,585
2061,2,1,4,3583,3573,1.9,639
2363,5,2,0,3785,3790,5.58,127
600,1,1,4,4630,4637,3.67,391
2435,0,0,5,4806,4804,1.87,192
2888,2,2,3,4429,4429,1.38,445
646,5,0,4,1952,1943,3.5,633
3890,2,1,3,3252,3255,1.6,495
3556,5,1,2,4009,4008,1.62,384
3202,5,2,1,533,540,4.02,428
1528,3,0,5,360,509,4.23,418
1267,1,1,2,2845,3016,6.23,392
1899,3,5,3,4438,4443,4.7,151
4658,3,4,3,4946,4951,5.1,364
3005,3,0,3,4446,4612,5.73,590
2734,1,2,5,2173,2172,2.58,90
189,4,1,3,1606,1614,4.8,224
1806,4,2,5,4562,4567,3.17,250
975,2,4,0,592,591,5.42,477
2747,1,4,1,2698,2705,3.88,624
2047,5,5,4,1760,1755,1.82,206
2558,3,1,4,1637,1647,5.23,260
1082,1,2,3,4882,4885,6.85,516
474,3,2,5,4358,4363,5.95,154
2904,4,5,3,3177,3178,6.22,305
4843,4,2,4,1914,1906,4.07,531
4117,3,4,3,2481,2479,6.43,585
3385,4,4,1,3190,3193,2.33,85
4555,4,1,3,3828,3838,6.62,588
1184,5,0,4,3598,3588,2.05,529
2433,1,4,0,293,288,5.37,624
2391,3,1,4,4639,4647,2.58,367
769,4,1,2,411,410,1.18,278
1685,2,4,5,4718,4716,1.82,145
130,2,4,5,4919,4929,3.05,621
2919,2,1,3,1842,1843,5.5,310
3171,3,3,1,157,313,5.02,248
3444,4,0,3,472,470,2.48,109
4426,5,5,0,3610,3602,1.37,182
466,3,4,3,54,54,2.4,638
3092,4,3,0,2805,2812,6.93,115
3772,0,5,2,2370,2523,6.58,131
860,4,3,5,4444,4448,4.4,576
